date_id,date,day,month,year,day_of_week,quarter,extended_date
0,2013-01-01,1,1,2013,Tuesday,1,01 January of 2013
1,2013-01-07,7,1,2013,Monday,1,07 January of 2013
2,2013-01-19,19,1,2013,Saturday,1,19 January of 2013
3,2013-01-23,23,1,2013,Wednesday,1,23 January of 2013
4,2013-01-25,25,1,2013,Friday,1,25 January of 2013
5,2013-01-26,26,1,2013,Saturday,1,26 January of 2013
6,2013-02-02,2,2,2013,Saturday,1,02 February of 2013
7,2013-02-03,3,2,2013,Sunday,1,03 February of 2013
8,2013-02-09,9,2,2013,Saturday,1,09 February of 2013
9,2013-02-11,11,2,2013,Monday,1,11 February of 2013
10,2013-02-19,19,2,2013,Tuesday,1,19 February of 2013
11,2013-03-03,3,3,2013,Sunday,1,03 March of 2013
12,2013-03-04,4,3,2013,Monday,1,04 March of 2013
13,2013-03-07,7,3,2013,Thursday,1,07 March of 2013
14,2013-03-10,10,3,2013,Sunday,1,10 March of 2013
15,2013-03-11,11,3,2013,Monday,1,11 March of 2013
16,2013-03-13,13,3,2013,Wednesday,1,13 March of 2013
17,2013-03-21,21,3,2013,Thursday,1,21 March of 2013
18,2013-04-18,18,4,2013,Thursday,2,18 April of 2013
19,2013-04-21,21,4,2013,Sunday,2,21 April of 2013
20,2013-04-22,22,4,2013,Monday,2,22 April of 2013
21,2013-04-24,24,4,2013,Wednesday,2,24 April of 2013
22,2013-04-25,25,4,2013,Thursday,2,25 April of 2013
23,2013-04-28,28,4,2013,Sunday,2,28 April of 2013
24,2013-05-02,2,5,2013,Thursday,2,02 May of 2013
25,2013-05-04,4,5,2013,Saturday,2,04 May of 2013
26,2013-05-11,11,5,2013,Saturday,2,11 May of 2013
27,2013-05-12,12,5,2013,Sunday,2,12 May of 2013
28,2013-05-13,13,5,2013,Monday,2,13 May of 2013
29,2013-05-14,14,5,2013,Tuesday,2,14 May of 2013
30,2013-05-16,16,5,2013,Thursday,2,16 May of 2013
31,2013-05-18,18,5,2013,Saturday,2,18 May of 2013
32,2013-05-19,19,5,2013,Sunday,2,19 May of 2013
33,2013-05-23,23,5,2013,Thursday,2,23 May of 2013
34,2013-05-25,25,5,2013,Saturday,2,25 May of 2013
35,2013-06-07,7,6,2013,Friday,2,07 June of 2013
36,2013-06-10,10,6,2013,Monday,2,10 June of 2013
37,2013-06-15,15,6,2013,Saturday,2,15 June of 2013
38,2013-06-21,21,6,2013,Friday,2,21 June of 2013
39,2013-06-23,23,6,2013,Sunday,2,23 June of 2013
40,2013-06-27,27,6,2013,Thursday,2,27 June of 2013
41,2013-07-01,1,7,2013,Monday,3,01 July of 2013
42,2013-07-02,2,7,2013,Tuesday,3,02 July of 2013
43,2013-07-07,7,7,2013,Sunday,3,07 July of 2013
44,2013-07-12,12,7,2013,Friday,3,12 July of 2013
45,2013-07-13,13,7,2013,Saturday,3,13 July of 2013
46,2013-07-14,14,7,2013,Sunday,3,14 July of 2013
47,2013-07-20,20,7,2013,Saturday,3,20 July of 2013
48,2013-07-26,26,7,2013,Friday,3,26 July of 2013
49,2013-07-30,30,7,2013,Tuesday,3,30 July of 2013
50,2013-08-02,2,8,2013,Friday,3,02 August of 2013
51,2013-08-04,4,8,2013,Sunday,3,04 August of 2013
52,2013-08-05,5,8,2013,Monday,3,05 August of 2013
53,2013-08-06,6,8,2013,Tuesday,3,06 August of 2013
54,2013-08-09,9,8,2013,Friday,3,09 August of 2013
55,2013-08-14,14,8,2013,Wednesday,3,14 August of 2013
56,2013-08-17,17,8,2013,Saturday,3,17 August of 2013
57,2013-08-19,19,8,2013,Monday,3,19 August of 2013
58,2013-08-20,20,8,2013,Tuesday,3,20 August of 2013
59,2013-08-23,23,8,2013,Friday,3,23 August of 2013
60,2013-08-25,25,8,2013,Sunday,3,25 August of 2013
61,2013-09-07,7,9,2013,Saturday,3,07 September of 2013
62,2013-09-11,11,9,2013,Wednesday,3,11 September of 2013
63,2013-09-14,14,9,2013,Saturday,3,14 September of 2013
64,2013-09-15,15,9,2013,Sunday,3,15 September of 2013
65,2013-09-16,16,9,2013,Monday,3,16 September of 2013
66,2013-09-19,19,9,2013,Thursday,3,19 September of 2013
67,2013-09-20,20,9,2013,Friday,3,20 September of 2013
68,2013-09-22,22,9,2013,Sunday,3,22 September of 2013
69,2013-09-24,24,9,2013,Tuesday,3,24 September of 2013
70,2013-09-27,27,9,2013,Friday,3,27 September of 2013
71,2013-10-05,5,10,2013,Saturday,4,05 October of 2013
72,2013-10-07,7,10,2013,Monday,4,07 October of 2013
73,2013-10-12,12,10,2013,Saturday,4,12 October of 2013
74,2013-10-13,13,10,2013,Sunday,4,13 October of 2013
75,2013-10-26,26,10,2013,Saturday,4,26 October of 2013
76,2013-10-27,27,10,2013,Sunday,4,27 October of 2013
77,2013-11-10,10,11,2013,Sunday,4,10 November of 2013
78,2013-11-11,11,11,2013,Monday,4,11 November of 2013
79,2013-11-22,22,11,2013,Friday,4,22 November of 2013
80,2013-11-28,28,11,2013,Thursday,4,28 November of 2013
81,2013-12-01,1,12,2013,Sunday,4,01 December of 2013
82,2013-12-07,7,12,2013,Saturday,4,07 December of 2013
83,2013-12-22,22,12,2013,Sunday,4,22 December of 2013
84,2013-12-25,25,12,2013,Wednesday,4,25 December of 2013
85,2013-12-26,26,12,2013,Thursday,4,26 December of 2013
86,2014-01-01,1,1,2014,Wednesday,1,01 January of 2014
87,2014-01-02,2,1,2014,Thursday,1,02 January of 2014
88,2014-01-03,3,1,2014,Friday,1,03 January of 2014
89,2014-01-04,4,1,2014,Saturday,1,04 January of 2014
90,2014-01-05,5,1,2014,Sunday,1,05 January of 2014
91,2014-01-06,6,1,2014,Monday,1,06 January of 2014
92,2014-01-07,7,1,2014,Tuesday,1,07 January of 2014
93,2014-01-08,8,1,2014,Wednesday,1,08 January of 2014
94,2014-01-09,9,1,2014,Thursday,1,09 January of 2014
95,2014-01-10,10,1,2014,Friday,1,10 January of 2014
96,2014-01-11,11,1,2014,Saturday,1,11 January of 2014
97,2014-01-12,12,1,2014,Sunday,1,12 January of 2014
98,2014-01-13,13,1,2014,Monday,1,13 January of 2014
99,2014-01-14,14,1,2014,Tuesday,1,14 January of 2014
100,2014-01-15,15,1,2014,Wednesday,1,15 January of 2014
101,2014-01-16,16,1,2014,Thursday,1,16 January of 2014
102,2014-01-17,17,1,2014,Friday,1,17 January of 2014
103,2014-01-18,18,1,2014,Saturday,1,18 January of 2014
104,2014-01-19,19,1,2014,Sunday,1,19 January of 2014
105,2014-01-20,20,1,2014,Monday,1,20 January of 2014
106,2014-01-21,21,1,2014,Tuesday,1,21 January of 2014
107,2014-01-22,22,1,2014,Wednesday,1,22 January of 2014
108,2014-01-23,23,1,2014,Thursday,1,23 January of 2014
109,2014-01-24,24,1,2014,Friday,1,24 January of 2014
110,2014-01-25,25,1,2014,Saturday,1,25 January of 2014
111,2014-01-26,26,1,2014,Sunday,1,26 January of 2014
112,2014-01-27,27,1,2014,Monday,1,27 January of 2014
113,2014-01-28,28,1,2014,Tuesday,1,28 January of 2014
114,2014-01-29,29,1,2014,Wednesday,1,29 January of 2014
115,2014-01-30,30,1,2014,Thursday,1,30 January of 2014
116,2014-01-31,31,1,2014,Friday,1,31 January of 2014
117,2014-02-01,1,2,2014,Saturday,1,01 February of 2014
118,2014-02-02,2,2,2014,Sunday,1,02 February of 2014
119,2014-02-03,3,2,2014,Monday,1,03 February of 2014
120,2014-02-04,4,2,2014,Tuesday,1,04 February of 2014
121,2014-02-05,5,2,2014,Wednesday,1,05 February of 2014
122,2014-02-06,6,2,2014,Thursday,1,06 February of 2014
123,2014-02-07,7,2,2014,Friday,1,07 February of 2014
124,2014-02-08,8,2,2014,Saturday,1,08 February of 2014
125,2014-02-09,9,2,2014,Sunday,1,09 February of 2014
126,2014-02-10,10,2,2014,Monday,1,10 February of 2014
127,2014-02-11,11,2,2014,Tuesday,1,11 February of 2014
128,2014-02-12,12,2,2014,Wednesday,1,12 February of 2014
129,2014-02-13,13,2,2014,Thursday,1,13 February of 2014
130,2014-02-14,14,2,2014,Friday,1,14 February of 2014
131,2014-02-15,15,2,2014,Saturday,1,15 February of 2014
132,2014-02-16,16,2,2014,Sunday,1,16 February of 2014
133,2014-02-17,17,2,2014,Monday,1,17 February of 2014
134,2014-02-18,18,2,2014,Tuesday,1,18 February of 2014
135,2014-02-19,19,2,2014,Wednesday,1,19 February of 2014
136,2014-02-20,20,2,2014,Thursday,1,20 February of 2014
137,2014-02-21,21,2,2014,Friday,1,21 February of 2014
138,2014-02-22,22,2,2014,Saturday,1,22 February of 2014
139,2014-02-23,23,2,2014,Sunday,1,23 February of 2014
140,2014-02-24,24,2,2014,Monday,1,24 February of 2014
141,2014-02-25,25,2,2014,Tuesday,1,25 February of 2014
142,2014-02-26,26,2,2014,Wednesday,1,26 February of 2014
143,2014-02-27,27,2,2014,Thursday,1,27 February of 2014
144,2014-02-28,28,2,2014,Friday,1,28 February of 2014
145,2014-03-01,1,3,2014,Saturday,1,01 March of 2014
146,2014-03-02,2,3,2014,Sunday,1,02 March of 2014
147,2014-03-03,3,3,2014,Monday,1,03 March of 2014
148,2014-03-04,4,3,2014,Tuesday,1,04 March of 2014
149,2014-03-05,5,3,2014,Wednesday,1,05 March of 2014
150,2014-03-06,6,3,2014,Thursday,1,06 March of 2014
151,2014-03-07,7,3,2014,Friday,1,07 March of 2014
152,2014-03-08,8,3,2014,Saturday,1,08 March of 2014
153,2014-03-09,9,3,2014,Sunday,1,09 March of 2014
154,2014-03-10,10,3,2014,Monday,1,10 March of 2014
155,2014-03-11,11,3,2014,Tuesday,1,11 March of 2014
156,2014-03-12,12,3,2014,Wednesday,1,12 March of 2014
157,2014-03-13,13,3,2014,Thursday,1,13 March of 2014
158,2014-03-14,14,3,2014,Friday,1,14 March of 2014
159,2014-03-15,15,3,2014,Saturday,1,15 March of 2014
160,2014-03-16,16,3,2014,Sunday,1,16 March of 2014
161,2014-03-17,17,3,2014,Monday,1,17 March of 2014
162,2014-03-18,18,3,2014,Tuesday,1,18 March of 2014
163,2014-03-19,19,3,2014,Wednesday,1,19 March of 2014
164,2014-03-20,20,3,2014,Thursday,1,20 March of 2014
165,2014-03-21,21,3,2014,Friday,1,21 March of 2014
166,2014-03-22,22,3,2014,Saturday,1,22 March of 2014
167,2014-03-23,23,3,2014,Sunday,1,23 March of 2014
168,2014-03-24,24,3,2014,Monday,1,24 March of 2014
169,2014-03-25,25,3,2014,Tuesday,1,25 March of 2014
170,2014-03-26,26,3,2014,Wednesday,1,26 March of 2014
171,2014-03-27,27,3,2014,Thursday,1,27 March of 2014
172,2014-03-28,28,3,2014,Friday,1,28 March of 2014
173,2014-03-29,29,3,2014,Saturday,1,29 March of 2014
174,2014-03-30,30,3,2014,Sunday,1,30 March of 2014
175,2014-03-31,31,3,2014,Monday,1,31 March of 2014
176,2014-04-01,1,4,2014,Tuesday,2,01 April of 2014
177,2014-04-02,2,4,2014,Wednesday,2,02 April of 2014
178,2014-04-03,3,4,2014,Thursday,2,03 April of 2014
179,2014-04-04,4,4,2014,Friday,2,04 April of 2014
180,2014-04-05,5,4,2014,Saturday,2,05 April of 2014
181,2014-04-06,6,4,2014,Sunday,2,06 April of 2014
182,2014-04-07,7,4,2014,Monday,2,07 April of 2014
183,2014-04-08,8,4,2014,Tuesday,2,08 April of 2014
184,2014-04-09,9,4,2014,Wednesday,2,09 April of 2014
185,2014-04-10,10,4,2014,Thursday,2,10 April of 2014
186,2014-04-11,11,4,2014,Friday,2,11 April of 2014
187,2014-04-12,12,4,2014,Saturday,2,12 April of 2014
188,2014-04-13,13,4,2014,Sunday,2,13 April of 2014
189,2014-04-14,14,4,2014,Monday,2,14 April of 2014
190,2014-04-15,15,4,2014,Tuesday,2,15 April of 2014
191,2014-04-16,16,4,2014,Wednesday,2,16 April of 2014
192,2014-04-17,17,4,2014,Thursday,2,17 April of 2014
193,2014-04-18,18,4,2014,Friday,2,18 April of 2014
194,2014-04-19,19,4,2014,Saturday,2,19 April of 2014
195,2014-04-20,20,4,2014,Sunday,2,20 April of 2014
196,2014-04-21,21,4,2014,Monday,2,21 April of 2014
197,2014-04-22,22,4,2014,Tuesday,2,22 April of 2014
198,2014-04-23,23,4,2014,Wednesday,2,23 April of 2014
199,2014-04-24,24,4,2014,Thursday,2,24 April of 2014
200,2014-04-25,25,4,2014,Friday,2,25 April of 2014
201,2014-04-26,26,4,2014,Saturday,2,26 April of 2014
202,2014-04-27,27,4,2014,Sunday,2,27 April of 2014
203,2014-04-28,28,4,2014,Monday,2,28 April of 2014
204,2014-04-29,29,4,2014,Tuesday,2,29 April of 2014
205,2014-04-30,30,4,2014,Wednesday,2,30 April of 2014
206,2014-05-01,1,5,2014,Thursday,2,01 May of 2014
207,2014-05-02,2,5,2014,Friday,2,02 May of 2014
208,2014-05-03,3,5,2014,Saturday,2,03 May of 2014
209,2014-05-04,4,5,2014,Sunday,2,04 May of 2014
210,2014-05-05,5,5,2014,Monday,2,05 May of 2014
211,2014-05-06,6,5,2014,Tuesday,2,06 May of 2014
212,2014-05-07,7,5,2014,Wednesday,2,07 May of 2014
213,2014-05-08,8,5,2014,Thursday,2,08 May of 2014
214,2014-05-09,9,5,2014,Friday,2,09 May of 2014
215,2014-05-10,10,5,2014,Saturday,2,10 May of 2014
216,2014-05-11,11,5,2014,Sunday,2,11 May of 2014
217,2014-05-12,12,5,2014,Monday,2,12 May of 2014
218,2014-05-13,13,5,2014,Tuesday,2,13 May of 2014
219,2014-05-14,14,5,2014,Wednesday,2,14 May of 2014
220,2014-05-15,15,5,2014,Thursday,2,15 May of 2014
221,2014-05-16,16,5,2014,Friday,2,16 May of 2014
222,2014-05-17,17,5,2014,Saturday,2,17 May of 2014
223,2014-05-18,18,5,2014,Sunday,2,18 May of 2014
224,2014-05-19,19,5,2014,Monday,2,19 May of 2014
225,2014-05-20,20,5,2014,Tuesday,2,20 May of 2014
226,2014-05-21,21,5,2014,Wednesday,2,21 May of 2014
227,2014-05-22,22,5,2014,Thursday,2,22 May of 2014
228,2014-05-23,23,5,2014,Friday,2,23 May of 2014
229,2014-05-24,24,5,2014,Saturday,2,24 May of 2014
230,2014-05-25,25,5,2014,Sunday,2,25 May of 2014
231,2014-05-26,26,5,2014,Monday,2,26 May of 2014
232,2014-05-27,27,5,2014,Tuesday,2,27 May of 2014
233,2014-05-28,28,5,2014,Wednesday,2,28 May of 2014
234,2014-05-29,29,5,2014,Thursday,2,29 May of 2014
235,2014-05-30,30,5,2014,Friday,2,30 May of 2014
236,2014-05-31,31,5,2014,Saturday,2,31 May of 2014
237,2014-06-01,1,6,2014,Sunday,2,01 June of 2014
238,2014-06-02,2,6,2014,Monday,2,02 June of 2014
239,2014-06-03,3,6,2014,Tuesday,2,03 June of 2014
240,2014-06-04,4,6,2014,Wednesday,2,04 June of 2014
241,2014-06-05,5,6,2014,Thursday,2,05 June of 2014
242,2014-06-06,6,6,2014,Friday,2,06 June of 2014
243,2014-06-07,7,6,2014,Saturday,2,07 June of 2014
244,2014-06-08,8,6,2014,Sunday,2,08 June of 2014
245,2014-06-09,9,6,2014,Monday,2,09 June of 2014
246,2014-06-10,10,6,2014,Tuesday,2,10 June of 2014
247,2014-06-11,11,6,2014,Wednesday,2,11 June of 2014
248,2014-06-12,12,6,2014,Thursday,2,12 June of 2014
249,2014-06-13,13,6,2014,Friday,2,13 June of 2014
250,2014-06-14,14,6,2014,Saturday,2,14 June of 2014
251,2014-06-15,15,6,2014,Sunday,2,15 June of 2014
252,2014-06-16,16,6,2014,Monday,2,16 June of 2014
253,2014-06-17,17,6,2014,Tuesday,2,17 June of 2014
254,2014-06-18,18,6,2014,Wednesday,2,18 June of 2014
255,2014-06-19,19,6,2014,Thursday,2,19 June of 2014
256,2014-06-20,20,6,2014,Friday,2,20 June of 2014
257,2014-06-21,21,6,2014,Saturday,2,21 June of 2014
258,2014-06-22,22,6,2014,Sunday,2,22 June of 2014
259,2014-06-23,23,6,2014,Monday,2,23 June of 2014
260,2014-06-24,24,6,2014,Tuesday,2,24 June of 2014
261,2014-06-25,25,6,2014,Wednesday,2,25 June of 2014
262,2014-06-26,26,6,2014,Thursday,2,26 June of 2014
263,2014-06-27,27,6,2014,Friday,2,27 June of 2014
264,2014-06-28,28,6,2014,Saturday,2,28 June of 2014
265,2014-06-29,29,6,2014,Sunday,2,29 June of 2014
266,2014-06-30,30,6,2014,Monday,2,30 June of 2014
267,2014-07-01,1,7,2014,Tuesday,3,01 July of 2014
268,2014-07-02,2,7,2014,Wednesday,3,02 July of 2014
269,2014-07-03,3,7,2014,Thursday,3,03 July of 2014
270,2014-07-04,4,7,2014,Friday,3,04 July of 2014
271,2014-07-05,5,7,2014,Saturday,3,05 July of 2014
272,2014-07-06,6,7,2014,Sunday,3,06 July of 2014
273,2014-07-07,7,7,2014,Monday,3,07 July of 2014
274,2014-07-08,8,7,2014,Tuesday,3,08 July of 2014
275,2014-07-09,9,7,2014,Wednesday,3,09 July of 2014
276,2014-07-10,10,7,2014,Thursday,3,10 July of 2014
277,2014-07-11,11,7,2014,Friday,3,11 July of 2014
278,2014-07-12,12,7,2014,Saturday,3,12 July of 2014
279,2014-07-13,13,7,2014,Sunday,3,13 July of 2014
280,2014-07-14,14,7,2014,Monday,3,14 July of 2014
281,2014-07-15,15,7,2014,Tuesday,3,15 July of 2014
282,2014-07-16,16,7,2014,Wednesday,3,16 July of 2014
283,2014-07-17,17,7,2014,Thursday,3,17 July of 2014
284,2014-07-18,18,7,2014,Friday,3,18 July of 2014
285,2014-07-19,19,7,2014,Saturday,3,19 July of 2014
286,2014-07-20,20,7,2014,Sunday,3,20 July of 2014
287,2014-07-21,21,7,2014,Monday,3,21 July of 2014
288,2014-07-22,22,7,2014,Tuesday,3,22 July of 2014
289,2014-07-23,23,7,2014,Wednesday,3,23 July of 2014
290,2014-07-24,24,7,2014,Thursday,3,24 July of 2014
291,2014-07-25,25,7,2014,Friday,3,25 July of 2014
292,2014-07-26,26,7,2014,Saturday,3,26 July of 2014
293,2014-07-27,27,7,2014,Sunday,3,27 July of 2014
294,2014-07-28,28,7,2014,Monday,3,28 July of 2014
295,2014-07-29,29,7,2014,Tuesday,3,29 July of 2014
296,2014-07-30,30,7,2014,Wednesday,3,30 July of 2014
297,2014-07-31,31,7,2014,Thursday,3,31 July of 2014
298,2014-08-01,1,8,2014,Friday,3,01 August of 2014
299,2014-08-02,2,8,2014,Saturday,3,02 August of 2014
300,2014-08-03,3,8,2014,Sunday,3,03 August of 2014
301,2014-08-04,4,8,2014,Monday,3,04 August of 2014
302,2014-08-05,5,8,2014,Tuesday,3,05 August of 2014
303,2014-08-06,6,8,2014,Wednesday,3,06 August of 2014
304,2014-08-07,7,8,2014,Thursday,3,07 August of 2014
305,2014-08-08,8,8,2014,Friday,3,08 August of 2014
306,2014-08-09,9,8,2014,Saturday,3,09 August of 2014
307,2014-08-10,10,8,2014,Sunday,3,10 August of 2014
308,2014-08-11,11,8,2014,Monday,3,11 August of 2014
309,2014-08-12,12,8,2014,Tuesday,3,12 August of 2014
310,2014-08-13,13,8,2014,Wednesday,3,13 August of 2014
311,2014-08-14,14,8,2014,Thursday,3,14 August of 2014
312,2014-08-15,15,8,2014,Friday,3,15 August of 2014
313,2014-08-16,16,8,2014,Saturday,3,16 August of 2014
314,2014-08-17,17,8,2014,Sunday,3,17 August of 2014
315,2014-08-18,18,8,2014,Monday,3,18 August of 2014
316,2014-08-19,19,8,2014,Tuesday,3,19 August of 2014
317,2014-08-20,20,8,2014,Wednesday,3,20 August of 2014
318,2014-08-21,21,8,2014,Thursday,3,21 August of 2014
319,2014-08-22,22,8,2014,Friday,3,22 August of 2014
320,2014-08-23,23,8,2014,Saturday,3,23 August of 2014
321,2014-08-24,24,8,2014,Sunday,3,24 August of 2014
322,2014-08-25,25,8,2014,Monday,3,25 August of 2014
323,2014-08-26,26,8,2014,Tuesday,3,26 August of 2014
324,2014-08-27,27,8,2014,Wednesday,3,27 August of 2014
325,2014-08-28,28,8,2014,Thursday,3,28 August of 2014
326,2014-08-29,29,8,2014,Friday,3,29 August of 2014
327,2014-08-30,30,8,2014,Saturday,3,30 August of 2014
328,2014-08-31,31,8,2014,Sunday,3,31 August of 2014
329,2014-09-01,1,9,2014,Monday,3,01 September of 2014
330,2014-09-02,2,9,2014,Tuesday,3,02 September of 2014
331,2014-09-03,3,9,2014,Wednesday,3,03 September of 2014
332,2014-09-04,4,9,2014,Thursday,3,04 September of 2014
333,2014-09-05,5,9,2014,Friday,3,05 September of 2014
334,2014-09-06,6,9,2014,Saturday,3,06 September of 2014
335,2014-09-07,7,9,2014,Sunday,3,07 September of 2014
336,2014-09-08,8,9,2014,Monday,3,08 September of 2014
337,2014-09-09,9,9,2014,Tuesday,3,09 September of 2014
338,2014-09-10,10,9,2014,Wednesday,3,10 September of 2014
339,2014-09-11,11,9,2014,Thursday,3,11 September of 2014
340,2014-09-12,12,9,2014,Friday,3,12 September of 2014
341,2014-09-13,13,9,2014,Saturday,3,13 September of 2014
342,2014-09-14,14,9,2014,Sunday,3,14 September of 2014
343,2014-09-15,15,9,2014,Monday,3,15 September of 2014
344,2014-09-16,16,9,2014,Tuesday,3,16 September of 2014
345,2014-09-17,17,9,2014,Wednesday,3,17 September of 2014
346,2014-09-18,18,9,2014,Thursday,3,18 September of 2014
347,2014-09-19,19,9,2014,Friday,3,19 September of 2014
348,2014-09-20,20,9,2014,Saturday,3,20 September of 2014
349,2014-09-21,21,9,2014,Sunday,3,21 September of 2014
350,2014-09-22,22,9,2014,Monday,3,22 September of 2014
351,2014-09-23,23,9,2014,Tuesday,3,23 September of 2014
352,2014-09-24,24,9,2014,Wednesday,3,24 September of 2014
353,2014-09-25,25,9,2014,Thursday,3,25 September of 2014
354,2014-09-26,26,9,2014,Friday,3,26 September of 2014
355,2014-09-27,27,9,2014,Saturday,3,27 September of 2014
356,2014-09-28,28,9,2014,Sunday,3,28 September of 2014
357,2014-09-29,29,9,2014,Monday,3,29 September of 2014
358,2014-09-30,30,9,2014,Tuesday,3,30 September of 2014
359,2014-10-01,1,10,2014,Wednesday,4,01 October of 2014
360,2014-10-02,2,10,2014,Thursday,4,02 October of 2014
361,2014-10-03,3,10,2014,Friday,4,03 October of 2014
362,2014-10-04,4,10,2014,Saturday,4,04 October of 2014
363,2014-10-05,5,10,2014,Sunday,4,05 October of 2014
364,2014-10-06,6,10,2014,Monday,4,06 October of 2014
365,2014-10-07,7,10,2014,Tuesday,4,07 October of 2014
366,2014-10-08,8,10,2014,Wednesday,4,08 October of 2014
367,2014-10-09,9,10,2014,Thursday,4,09 October of 2014
368,2014-10-10,10,10,2014,Friday,4,10 October of 2014
369,2014-10-11,11,10,2014,Saturday,4,11 October of 2014
370,2014-10-12,12,10,2014,Sunday,4,12 October of 2014
371,2014-10-13,13,10,2014,Monday,4,13 October of 2014
372,2014-10-14,14,10,2014,Tuesday,4,14 October of 2014
373,2014-10-15,15,10,2014,Wednesday,4,15 October of 2014
374,2014-10-16,16,10,2014,Thursday,4,16 October of 2014
375,2014-10-17,17,10,2014,Friday,4,17 October of 2014
376,2014-10-18,18,10,2014,Saturday,4,18 October of 2014
377,2014-10-19,19,10,2014,Sunday,4,19 October of 2014
378,2014-10-20,20,10,2014,Monday,4,20 October of 2014
379,2014-10-21,21,10,2014,Tuesday,4,21 October of 2014
380,2014-10-22,22,10,2014,Wednesday,4,22 October of 2014
381,2014-10-23,23,10,2014,Thursday,4,23 October of 2014
382,2014-10-24,24,10,2014,Friday,4,24 October of 2014
383,2014-10-25,25,10,2014,Saturday,4,25 October of 2014
384,2014-10-26,26,10,2014,Sunday,4,26 October of 2014
385,2014-10-27,27,10,2014,Monday,4,27 October of 2014
386,2014-10-28,28,10,2014,Tuesday,4,28 October of 2014
387,2014-10-29,29,10,2014,Wednesday,4,29 October of 2014
388,2014-10-30,30,10,2014,Thursday,4,30 October of 2014
389,2014-10-31,31,10,2014,Friday,4,31 October of 2014
390,2014-11-01,1,11,2014,Saturday,4,01 November of 2014
391,2014-11-02,2,11,2014,Sunday,4,02 November of 2014
392,2014-11-03,3,11,2014,Monday,4,03 November of 2014
393,2014-11-04,4,11,2014,Tuesday,4,04 November of 2014
394,2014-11-05,5,11,2014,Wednesday,4,05 November of 2014
395,2014-11-06,6,11,2014,Thursday,4,06 November of 2014
396,2014-11-07,7,11,2014,Friday,4,07 November of 2014
397,2014-11-08,8,11,2014,Saturday,4,08 November of 2014
398,2014-11-09,9,11,2014,Sunday,4,09 November of 2014
399,2014-11-10,10,11,2014,Monday,4,10 November of 2014
400,2014-11-11,11,11,2014,Tuesday,4,11 November of 2014
401,2014-11-12,12,11,2014,Wednesday,4,12 November of 2014
402,2014-11-13,13,11,2014,Thursday,4,13 November of 2014
403,2014-11-14,14,11,2014,Friday,4,14 November of 2014
404,2014-11-15,15,11,2014,Saturday,4,15 November of 2014
405,2014-11-16,16,11,2014,Sunday,4,16 November of 2014
406,2014-11-17,17,11,2014,Monday,4,17 November of 2014
407,2014-11-18,18,11,2014,Tuesday,4,18 November of 2014
408,2014-11-19,19,11,2014,Wednesday,4,19 November of 2014
409,2014-11-20,20,11,2014,Thursday,4,20 November of 2014
410,2014-11-21,21,11,2014,Friday,4,21 November of 2014
411,2014-11-22,22,11,2014,Saturday,4,22 November of 2014
412,2014-11-23,23,11,2014,Sunday,4,23 November of 2014
413,2014-11-24,24,11,2014,Monday,4,24 November of 2014
414,2014-11-25,25,11,2014,Tuesday,4,25 November of 2014
415,2014-11-26,26,11,2014,Wednesday,4,26 November of 2014
416,2014-11-27,27,11,2014,Thursday,4,27 November of 2014
417,2014-11-28,28,11,2014,Friday,4,28 November of 2014
418,2014-11-29,29,11,2014,Saturday,4,29 November of 2014
419,2014-11-30,30,11,2014,Sunday,4,30 November of 2014
420,2014-12-01,1,12,2014,Monday,4,01 December of 2014
421,2014-12-02,2,12,2014,Tuesday,4,02 December of 2014
422,2014-12-03,3,12,2014,Wednesday,4,03 December of 2014
423,2014-12-04,4,12,2014,Thursday,4,04 December of 2014
424,2014-12-05,5,12,2014,Friday,4,05 December of 2014
425,2014-12-06,6,12,2014,Saturday,4,06 December of 2014
426,2014-12-07,7,12,2014,Sunday,4,07 December of 2014
427,2014-12-08,8,12,2014,Monday,4,08 December of 2014
428,2014-12-09,9,12,2014,Tuesday,4,09 December of 2014
429,2014-12-10,10,12,2014,Wednesday,4,10 December of 2014
430,2014-12-11,11,12,2014,Thursday,4,11 December of 2014
431,2014-12-12,12,12,2014,Friday,4,12 December of 2014
432,2014-12-13,13,12,2014,Saturday,4,13 December of 2014
433,2014-12-14,14,12,2014,Sunday,4,14 December of 2014
434,2014-12-15,15,12,2014,Monday,4,15 December of 2014
435,2014-12-16,16,12,2014,Tuesday,4,16 December of 2014
436,2014-12-17,17,12,2014,Wednesday,4,17 December of 2014
437,2014-12-18,18,12,2014,Thursday,4,18 December of 2014
438,2014-12-19,19,12,2014,Friday,4,19 December of 2014
439,2014-12-20,20,12,2014,Saturday,4,20 December of 2014
440,2014-12-21,21,12,2014,Sunday,4,21 December of 2014
441,2014-12-22,22,12,2014,Monday,4,22 December of 2014
442,2014-12-23,23,12,2014,Tuesday,4,23 December of 2014
443,2014-12-24,24,12,2014,Wednesday,4,24 December of 2014
444,2014-12-25,25,12,2014,Thursday,4,25 December of 2014
445,2014-12-26,26,12,2014,Friday,4,26 December of 2014
446,2014-12-27,27,12,2014,Saturday,4,27 December of 2014
447,2014-12-28,28,12,2014,Sunday,4,28 December of 2014
448,2014-12-29,29,12,2014,Monday,4,29 December of 2014
449,2014-12-30,30,12,2014,Tuesday,4,30 December of 2014
450,2014-12-31,31,12,2014,Wednesday,4,31 December of 2014
451,2015-01-01,1,1,2015,Thursday,1,01 January of 2015
452,2015-01-02,2,1,2015,Friday,1,02 January of 2015
453,2015-01-03,3,1,2015,Saturday,1,03 January of 2015
454,2015-01-04,4,1,2015,Sunday,1,04 January of 2015
455,2015-01-05,5,1,2015,Monday,1,05 January of 2015
456,2015-01-06,6,1,2015,Tuesday,1,06 January of 2015
457,2015-01-07,7,1,2015,Wednesday,1,07 January of 2015
458,2015-01-08,8,1,2015,Thursday,1,08 January of 2015
459,2015-01-09,9,1,2015,Friday,1,09 January of 2015
460,2015-01-10,10,1,2015,Saturday,1,10 January of 2015
461,2015-01-11,11,1,2015,Sunday,1,11 January of 2015
462,2015-01-12,12,1,2015,Monday,1,12 January of 2015
463,2015-01-13,13,1,2015,Tuesday,1,13 January of 2015
464,2015-01-14,14,1,2015,Wednesday,1,14 January of 2015
465,2015-01-15,15,1,2015,Thursday,1,15 January of 2015
466,2015-01-16,16,1,2015,Friday,1,16 January of 2015
467,2015-01-17,17,1,2015,Saturday,1,17 January of 2015
468,2015-01-18,18,1,2015,Sunday,1,18 January of 2015
469,2015-01-19,19,1,2015,Monday,1,19 January of 2015
470,2015-01-20,20,1,2015,Tuesday,1,20 January of 2015
471,2015-01-21,21,1,2015,Wednesday,1,21 January of 2015
472,2015-01-22,22,1,2015,Thursday,1,22 January of 2015
473,2015-01-23,23,1,2015,Friday,1,23 January of 2015
474,2015-01-24,24,1,2015,Saturday,1,24 January of 2015
475,2015-01-25,25,1,2015,Sunday,1,25 January of 2015
476,2015-01-26,26,1,2015,Monday,1,26 January of 2015
477,2015-01-27,27,1,2015,Tuesday,1,27 January of 2015
478,2015-01-28,28,1,2015,Wednesday,1,28 January of 2015
479,2015-01-29,29,1,2015,Thursday,1,29 January of 2015
480,2015-01-30,30,1,2015,Friday,1,30 January of 2015
481,2015-01-31,31,1,2015,Saturday,1,31 January of 2015
482,2015-02-01,1,2,2015,Sunday,1,01 February of 2015
483,2015-02-02,2,2,2015,Monday,1,02 February of 2015
484,2015-02-03,3,2,2015,Tuesday,1,03 February of 2015
485,2015-02-04,4,2,2015,Wednesday,1,04 February of 2015
486,2015-02-05,5,2,2015,Thursday,1,05 February of 2015
487,2015-02-06,6,2,2015,Friday,1,06 February of 2015
488,2015-02-07,7,2,2015,Saturday,1,07 February of 2015
489,2015-02-08,8,2,2015,Sunday,1,08 February of 2015
490,2015-02-09,9,2,2015,Monday,1,09 February of 2015
491,2015-02-10,10,2,2015,Tuesday,1,10 February of 2015
492,2015-02-11,11,2,2015,Wednesday,1,11 February of 2015
493,2015-02-12,12,2,2015,Thursday,1,12 February of 2015
494,2015-02-13,13,2,2015,Friday,1,13 February of 2015
495,2015-02-14,14,2,2015,Saturday,1,14 February of 2015
496,2015-02-15,15,2,2015,Sunday,1,15 February of 2015
497,2015-02-16,16,2,2015,Monday,1,16 February of 2015
498,2015-02-17,17,2,2015,Tuesday,1,17 February of 2015
499,2015-02-18,18,2,2015,Wednesday,1,18 February of 2015
500,2015-02-19,19,2,2015,Thursday,1,19 February of 2015
501,2015-02-20,20,2,2015,Friday,1,20 February of 2015
502,2015-02-21,21,2,2015,Saturday,1,21 February of 2015
503,2015-02-22,22,2,2015,Sunday,1,22 February of 2015
504,2015-02-23,23,2,2015,Monday,1,23 February of 2015
505,2015-02-24,24,2,2015,Tuesday,1,24 February of 2015
506,2015-02-25,25,2,2015,Wednesday,1,25 February of 2015
507,2015-02-26,26,2,2015,Thursday,1,26 February of 2015
508,2015-02-27,27,2,2015,Friday,1,27 February of 2015
509,2015-02-28,28,2,2015,Saturday,1,28 February of 2015
510,2015-03-01,1,3,2015,Sunday,1,01 March of 2015
511,2015-03-02,2,3,2015,Monday,1,02 March of 2015
512,2015-03-03,3,3,2015,Tuesday,1,03 March of 2015
513,2015-03-04,4,3,2015,Wednesday,1,04 March of 2015
514,2015-03-05,5,3,2015,Thursday,1,05 March of 2015
515,2015-03-06,6,3,2015,Friday,1,06 March of 2015
516,2015-03-07,7,3,2015,Saturday,1,07 March of 2015
517,2015-03-08,8,3,2015,Sunday,1,08 March of 2015
518,2015-03-09,9,3,2015,Monday,1,09 March of 2015
519,2015-03-10,10,3,2015,Tuesday,1,10 March of 2015
520,2015-03-11,11,3,2015,Wednesday,1,11 March of 2015
521,2015-03-12,12,3,2015,Thursday,1,12 March of 2015
522,2015-03-13,13,3,2015,Friday,1,13 March of 2015
523,2015-03-14,14,3,2015,Saturday,1,14 March of 2015
524,2015-03-15,15,3,2015,Sunday,1,15 March of 2015
525,2015-03-16,16,3,2015,Monday,1,16 March of 2015
526,2015-03-17,17,3,2015,Tuesday,1,17 March of 2015
527,2015-03-18,18,3,2015,Wednesday,1,18 March of 2015
528,2015-03-19,19,3,2015,Thursday,1,19 March of 2015
529,2015-03-20,20,3,2015,Friday,1,20 March of 2015
530,2015-03-21,21,3,2015,Saturday,1,21 March of 2015
531,2015-03-22,22,3,2015,Sunday,1,22 March of 2015
532,2015-03-23,23,3,2015,Monday,1,23 March of 2015
533,2015-03-24,24,3,2015,Tuesday,1,24 March of 2015
534,2015-03-25,25,3,2015,Wednesday,1,25 March of 2015
535,2015-03-26,26,3,2015,Thursday,1,26 March of 2015
536,2015-03-27,27,3,2015,Friday,1,27 March of 2015
537,2015-03-28,28,3,2015,Saturday,1,28 March of 2015
538,2015-03-29,29,3,2015,Sunday,1,29 March of 2015
539,2015-03-30,30,3,2015,Monday,1,30 March of 2015
540,2015-03-31,31,3,2015,Tuesday,1,31 March of 2015
541,2015-04-01,1,4,2015,Wednesday,2,01 April of 2015
542,2015-04-02,2,4,2015,Thursday,2,02 April of 2015
543,2015-04-03,3,4,2015,Friday,2,03 April of 2015
544,2015-04-04,4,4,2015,Saturday,2,04 April of 2015
545,2015-04-05,5,4,2015,Sunday,2,05 April of 2015
546,2015-04-06,6,4,2015,Monday,2,06 April of 2015
547,2015-04-07,7,4,2015,Tuesday,2,07 April of 2015
548,2015-04-08,8,4,2015,Wednesday,2,08 April of 2015
549,2015-04-09,9,4,2015,Thursday,2,09 April of 2015
550,2015-04-10,10,4,2015,Friday,2,10 April of 2015
551,2015-04-11,11,4,2015,Saturday,2,11 April of 2015
552,2015-04-12,12,4,2015,Sunday,2,12 April of 2015
553,2015-04-13,13,4,2015,Monday,2,13 April of 2015
554,2015-04-14,14,4,2015,Tuesday,2,14 April of 2015
555,2015-04-15,15,4,2015,Wednesday,2,15 April of 2015
556,2015-04-16,16,4,2015,Thursday,2,16 April of 2015
557,2015-04-17,17,4,2015,Friday,2,17 April of 2015
558,2015-04-18,18,4,2015,Saturday,2,18 April of 2015
559,2015-04-19,19,4,2015,Sunday,2,19 April of 2015
560,2015-04-20,20,4,2015,Monday,2,20 April of 2015
561,2015-04-22,22,4,2015,Wednesday,2,22 April of 2015
562,2015-04-23,23,4,2015,Thursday,2,23 April of 2015
563,2015-04-24,24,4,2015,Friday,2,24 April of 2015
564,2015-04-25,25,4,2015,Saturday,2,25 April of 2015
565,2015-04-26,26,4,2015,Sunday,2,26 April of 2015
566,2015-04-27,27,4,2015,Monday,2,27 April of 2015
567,2015-04-28,28,4,2015,Tuesday,2,28 April of 2015
568,2015-04-29,29,4,2015,Wednesday,2,29 April of 2015
569,2015-04-30,30,4,2015,Thursday,2,30 April of 2015
570,2015-05-01,1,5,2015,Friday,2,01 May of 2015
571,2015-05-02,2,5,2015,Saturday,2,02 May of 2015
572,2015-05-03,3,5,2015,Sunday,2,03 May of 2015
573,2015-05-04,4,5,2015,Monday,2,04 May of 2015
574,2015-05-05,5,5,2015,Tuesday,2,05 May of 2015
575,2015-05-06,6,5,2015,Wednesday,2,06 May of 2015
576,2015-05-07,7,5,2015,Thursday,2,07 May of 2015
577,2015-05-08,8,5,2015,Friday,2,08 May of 2015
578,2015-05-09,9,5,2015,Saturday,2,09 May of 2015
579,2015-05-10,10,5,2015,Sunday,2,10 May of 2015
580,2015-05-11,11,5,2015,Monday,2,11 May of 2015
581,2015-05-12,12,5,2015,Tuesday,2,12 May of 2015
582,2015-05-13,13,5,2015,Wednesday,2,13 May of 2015
583,2015-05-14,14,5,2015,Thursday,2,14 May of 2015
584,2015-05-15,15,5,2015,Friday,2,15 May of 2015
585,2015-05-16,16,5,2015,Saturday,2,16 May of 2015
586,2015-05-17,17,5,2015,Sunday,2,17 May of 2015
587,2015-05-18,18,5,2015,Monday,2,18 May of 2015
588,2015-05-19,19,5,2015,Tuesday,2,19 May of 2015
589,2015-05-20,20,5,2015,Wednesday,2,20 May of 2015
590,2015-05-21,21,5,2015,Thursday,2,21 May of 2015
591,2015-05-22,22,5,2015,Friday,2,22 May of 2015
592,2015-05-23,23,5,2015,Saturday,2,23 May of 2015
593,2015-05-24,24,5,2015,Sunday,2,24 May of 2015
594,2015-05-25,25,5,2015,Monday,2,25 May of 2015
595,2015-05-26,26,5,2015,Tuesday,2,26 May of 2015
596,2015-05-27,27,5,2015,Wednesday,2,27 May of 2015
597,2015-05-28,28,5,2015,Thursday,2,28 May of 2015
598,2015-05-29,29,5,2015,Friday,2,29 May of 2015
599,2015-05-30,30,5,2015,Saturday,2,30 May of 2015
600,2015-05-31,31,5,2015,Sunday,2,31 May of 2015
601,2015-06-01,1,6,2015,Monday,2,01 June of 2015
602,2015-06-02,2,6,2015,Tuesday,2,02 June of 2015
603,2015-06-03,3,6,2015,Wednesday,2,03 June of 2015
604,2015-06-04,4,6,2015,Thursday,2,04 June of 2015
605,2015-06-05,5,6,2015,Friday,2,05 June of 2015
606,2015-06-06,6,6,2015,Saturday,2,06 June of 2015
607,2015-06-07,7,6,2015,Sunday,2,07 June of 2015
608,2015-06-08,8,6,2015,Monday,2,08 June of 2015
609,2015-06-09,9,6,2015,Tuesday,2,09 June of 2015
610,2015-06-10,10,6,2015,Wednesday,2,10 June of 2015
611,2015-06-11,11,6,2015,Thursday,2,11 June of 2015
612,2015-06-12,12,6,2015,Friday,2,12 June of 2015
613,2015-06-13,13,6,2015,Saturday,2,13 June of 2015
614,2015-06-14,14,6,2015,Sunday,2,14 June of 2015
615,2015-06-15,15,6,2015,Monday,2,15 June of 2015
616,2015-06-16,16,6,2015,Tuesday,2,16 June of 2015
617,2015-06-17,17,6,2015,Wednesday,2,17 June of 2015
618,2015-06-18,18,6,2015,Thursday,2,18 June of 2015
619,2015-06-19,19,6,2015,Friday,2,19 June of 2015
620,2015-06-20,20,6,2015,Saturday,2,20 June of 2015
621,2015-06-21,21,6,2015,Sunday,2,21 June of 2015
622,2015-06-22,22,6,2015,Monday,2,22 June of 2015
623,2015-06-23,23,6,2015,Tuesday,2,23 June of 2015
624,2015-06-24,24,6,2015,Wednesday,2,24 June of 2015
625,2015-06-25,25,6,2015,Thursday,2,25 June of 2015
626,2015-06-26,26,6,2015,Friday,2,26 June of 2015
627,2015-06-27,27,6,2015,Saturday,2,27 June of 2015
628,2015-06-28,28,6,2015,Sunday,2,28 June of 2015
629,2015-06-29,29,6,2015,Monday,2,29 June of 2015
630,2015-06-30,30,6,2015,Tuesday,2,30 June of 2015
631,2015-07-01,1,7,2015,Wednesday,3,01 July of 2015
632,2015-07-02,2,7,2015,Thursday,3,02 July of 2015
633,2015-07-03,3,7,2015,Friday,3,03 July of 2015
634,2015-07-04,4,7,2015,Saturday,3,04 July of 2015
635,2015-07-05,5,7,2015,Sunday,3,05 July of 2015
636,2015-07-06,6,7,2015,Monday,3,06 July of 2015
637,2015-07-07,7,7,2015,Tuesday,3,07 July of 2015
638,2015-07-08,8,7,2015,Wednesday,3,08 July of 2015
639,2015-07-09,9,7,2015,Thursday,3,09 July of 2015
640,2015-07-10,10,7,2015,Friday,3,10 July of 2015
641,2015-07-11,11,7,2015,Saturday,3,11 July of 2015
642,2015-07-12,12,7,2015,Sunday,3,12 July of 2015
643,2015-07-13,13,7,2015,Monday,3,13 July of 2015
644,2015-07-14,14,7,2015,Tuesday,3,14 July of 2015
645,2015-07-15,15,7,2015,Wednesday,3,15 July of 2015
646,2015-07-16,16,7,2015,Thursday,3,16 July of 2015
647,2015-07-17,17,7,2015,Friday,3,17 July of 2015
648,2015-07-18,18,7,2015,Saturday,3,18 July of 2015
649,2015-07-19,19,7,2015,Sunday,3,19 July of 2015
650,2015-07-20,20,7,2015,Monday,3,20 July of 2015
651,2015-07-21,21,7,2015,Tuesday,3,21 July of 2015
652,2015-07-22,22,7,2015,Wednesday,3,22 July of 2015
653,2015-07-23,23,7,2015,Thursday,3,23 July of 2015
654,2015-07-24,24,7,2015,Friday,3,24 July of 2015
655,2015-07-25,25,7,2015,Saturday,3,25 July of 2015
656,2015-07-26,26,7,2015,Sunday,3,26 July of 2015
657,2015-07-27,27,7,2015,Monday,3,27 July of 2015
658,2015-07-28,28,7,2015,Tuesday,3,28 July of 2015
659,2015-07-29,29,7,2015,Wednesday,3,29 July of 2015
660,2015-07-30,30,7,2015,Thursday,3,30 July of 2015
661,2015-07-31,31,7,2015,Friday,3,31 July of 2015
662,2015-08-01,1,8,2015,Saturday,3,01 August of 2015
663,2015-08-02,2,8,2015,Sunday,3,02 August of 2015
664,2015-08-03,3,8,2015,Monday,3,03 August of 2015
665,2015-08-04,4,8,2015,Tuesday,3,04 August of 2015
666,2015-08-05,5,8,2015,Wednesday,3,05 August of 2015
667,2015-08-06,6,8,2015,Thursday,3,06 August of 2015
668,2015-08-07,7,8,2015,Friday,3,07 August of 2015
669,2015-08-08,8,8,2015,Saturday,3,08 August of 2015
670,2015-08-09,9,8,2015,Sunday,3,09 August of 2015
671,2015-08-10,10,8,2015,Monday,3,10 August of 2015
672,2015-08-11,11,8,2015,Tuesday,3,11 August of 2015
673,2015-08-12,12,8,2015,Wednesday,3,12 August of 2015
674,2015-08-13,13,8,2015,Thursday,3,13 August of 2015
675,2015-08-14,14,8,2015,Friday,3,14 August of 2015
676,2015-08-15,15,8,2015,Saturday,3,15 August of 2015
677,2015-08-16,16,8,2015,Sunday,3,16 August of 2015
678,2015-08-17,17,8,2015,Monday,3,17 August of 2015
679,2015-08-18,18,8,2015,Tuesday,3,18 August of 2015
680,2015-08-19,19,8,2015,Wednesday,3,19 August of 2015
681,2015-08-20,20,8,2015,Thursday,3,20 August of 2015
682,2015-08-21,21,8,2015,Friday,3,21 August of 2015
683,2015-08-22,22,8,2015,Saturday,3,22 August of 2015
684,2015-08-23,23,8,2015,Sunday,3,23 August of 2015
685,2015-08-24,24,8,2015,Monday,3,24 August of 2015
686,2015-08-25,25,8,2015,Tuesday,3,25 August of 2015
687,2015-08-26,26,8,2015,Wednesday,3,26 August of 2015
688,2015-08-27,27,8,2015,Thursday,3,27 August of 2015
689,2015-08-28,28,8,2015,Friday,3,28 August of 2015
690,2015-08-29,29,8,2015,Saturday,3,29 August of 2015
691,2015-08-30,30,8,2015,Sunday,3,30 August of 2015
692,2015-08-31,31,8,2015,Monday,3,31 August of 2015
693,2015-09-01,1,9,2015,Tuesday,3,01 September of 2015
694,2015-09-02,2,9,2015,Wednesday,3,02 September of 2015
695,2015-09-03,3,9,2015,Thursday,3,03 September of 2015
696,2015-09-04,4,9,2015,Friday,3,04 September of 2015
697,2015-09-05,5,9,2015,Saturday,3,05 September of 2015
698,2015-09-06,6,9,2015,Sunday,3,06 September of 2015
699,2015-09-07,7,9,2015,Monday,3,07 September of 2015
700,2015-09-08,8,9,2015,Tuesday,3,08 September of 2015
701,2015-09-09,9,9,2015,Wednesday,3,09 September of 2015
702,2015-09-10,10,9,2015,Thursday,3,10 September of 2015
703,2015-09-11,11,9,2015,Friday,3,11 September of 2015
704,2015-09-12,12,9,2015,Saturday,3,12 September of 2015
705,2015-09-13,13,9,2015,Sunday,3,13 September of 2015
706,2015-09-14,14,9,2015,Monday,3,14 September of 2015
707,2015-09-15,15,9,2015,Tuesday,3,15 September of 2015
708,2015-09-16,16,9,2015,Wednesday,3,16 September of 2015
709,2015-09-17,17,9,2015,Thursday,3,17 September of 2015
710,2015-09-18,18,9,2015,Friday,3,18 September of 2015
711,2015-09-19,19,9,2015,Saturday,3,19 September of 2015
712,2015-09-20,20,9,2015,Sunday,3,20 September of 2015
713,2015-09-21,21,9,2015,Monday,3,21 September of 2015
714,2015-09-22,22,9,2015,Tuesday,3,22 September of 2015
715,2015-09-23,23,9,2015,Wednesday,3,23 September of 2015
716,2015-09-24,24,9,2015,Thursday,3,24 September of 2015
717,2015-09-25,25,9,2015,Friday,3,25 September of 2015
718,2015-09-26,26,9,2015,Saturday,3,26 September of 2015
719,2015-09-27,27,9,2015,Sunday,3,27 September of 2015
720,2015-09-28,28,9,2015,Monday,3,28 September of 2015
721,2015-09-29,29,9,2015,Tuesday,3,29 September of 2015
722,2015-09-30,30,9,2015,Wednesday,3,30 September of 2015
723,2015-10-01,1,10,2015,Thursday,4,01 October of 2015
724,2015-10-02,2,10,2015,Friday,4,02 October of 2015
725,2015-10-03,3,10,2015,Saturday,4,03 October of 2015
726,2015-10-04,4,10,2015,Sunday,4,04 October of 2015
727,2015-10-05,5,10,2015,Monday,4,05 October of 2015
728,2015-10-06,6,10,2015,Tuesday,4,06 October of 2015
729,2015-10-07,7,10,2015,Wednesday,4,07 October of 2015
730,2015-10-08,8,10,2015,Thursday,4,08 October of 2015
731,2015-10-09,9,10,2015,Friday,4,09 October of 2015
732,2015-10-10,10,10,2015,Saturday,4,10 October of 2015
733,2015-10-11,11,10,2015,Sunday,4,11 October of 2015
734,2015-10-12,12,10,2015,Monday,4,12 October of 2015
735,2015-10-13,13,10,2015,Tuesday,4,13 October of 2015
736,2015-10-14,14,10,2015,Wednesday,4,14 October of 2015
737,2015-10-15,15,10,2015,Thursday,4,15 October of 2015
738,2015-10-16,16,10,2015,Friday,4,16 October of 2015
739,2015-10-17,17,10,2015,Saturday,4,17 October of 2015
740,2015-10-18,18,10,2015,Sunday,4,18 October of 2015
741,2015-10-19,19,10,2015,Monday,4,19 October of 2015
742,2015-10-20,20,10,2015,Tuesday,4,20 October of 2015
743,2015-10-21,21,10,2015,Wednesday,4,21 October of 2015
744,2015-10-22,22,10,2015,Thursday,4,22 October of 2015
745,2015-10-23,23,10,2015,Friday,4,23 October of 2015
746,2015-10-24,24,10,2015,Saturday,4,24 October of 2015
747,2015-10-25,25,10,2015,Sunday,4,25 October of 2015
748,2015-10-26,26,10,2015,Monday,4,26 October of 2015
749,2015-10-27,27,10,2015,Tuesday,4,27 October of 2015
750,2015-10-28,28,10,2015,Wednesday,4,28 October of 2015
751,2015-10-29,29,10,2015,Thursday,4,29 October of 2015
752,2015-10-30,30,10,2015,Friday,4,30 October of 2015
753,2015-10-31,31,10,2015,Saturday,4,31 October of 2015
754,2015-11-01,1,11,2015,Sunday,4,01 November of 2015
755,2015-11-02,2,11,2015,Monday,4,02 November of 2015
756,2015-11-03,3,11,2015,Tuesday,4,03 November of 2015
757,2015-11-04,4,11,2015,Wednesday,4,04 November of 2015
758,2015-11-05,5,11,2015,Thursday,4,05 November of 2015
759,2015-11-06,6,11,2015,Friday,4,06 November of 2015
760,2015-11-07,7,11,2015,Saturday,4,07 November of 2015
761,2015-11-08,8,11,2015,Sunday,4,08 November of 2015
762,2015-11-09,9,11,2015,Monday,4,09 November of 2015
763,2015-11-10,10,11,2015,Tuesday,4,10 November of 2015
764,2015-11-11,11,11,2015,Wednesday,4,11 November of 2015
765,2015-11-12,12,11,2015,Thursday,4,12 November of 2015
766,2015-11-13,13,11,2015,Friday,4,13 November of 2015
767,2015-11-14,14,11,2015,Saturday,4,14 November of 2015
768,2015-11-15,15,11,2015,Sunday,4,15 November of 2015
769,2015-11-16,16,11,2015,Monday,4,16 November of 2015
770,2015-11-17,17,11,2015,Tuesday,4,17 November of 2015
771,2015-11-18,18,11,2015,Wednesday,4,18 November of 2015
772,2015-11-19,19,11,2015,Thursday,4,19 November of 2015
773,2015-11-20,20,11,2015,Friday,4,20 November of 2015
774,2015-11-21,21,11,2015,Saturday,4,21 November of 2015
775,2015-11-22,22,11,2015,Sunday,4,22 November of 2015
776,2015-11-23,23,11,2015,Monday,4,23 November of 2015
777,2015-11-24,24,11,2015,Tuesday,4,24 November of 2015
778,2015-11-25,25,11,2015,Wednesday,4,25 November of 2015
779,2015-11-26,26,11,2015,Thursday,4,26 November of 2015
780,2015-11-27,27,11,2015,Friday,4,27 November of 2015
781,2015-11-28,28,11,2015,Saturday,4,28 November of 2015
782,2015-11-29,29,11,2015,Sunday,4,29 November of 2015
783,2015-11-30,30,11,2015,Monday,4,30 November of 2015
784,2015-12-01,1,12,2015,Tuesday,4,01 December of 2015
785,2015-12-02,2,12,2015,Wednesday,4,02 December of 2015
786,2015-12-03,3,12,2015,Thursday,4,03 December of 2015
787,2015-12-04,4,12,2015,Friday,4,04 December of 2015
788,2015-12-05,5,12,2015,Saturday,4,05 December of 2015
789,2015-12-06,6,12,2015,Sunday,4,06 December of 2015
790,2015-12-07,7,12,2015,Monday,4,07 December of 2015
791,2015-12-08,8,12,2015,Tuesday,4,08 December of 2015
792,2015-12-09,9,12,2015,Wednesday,4,09 December of 2015
793,2015-12-10,10,12,2015,Thursday,4,10 December of 2015
794,2015-12-11,11,12,2015,Friday,4,11 December of 2015
795,2015-12-12,12,12,2015,Saturday,4,12 December of 2015
796,2015-12-13,13,12,2015,Sunday,4,13 December of 2015
797,2015-12-14,14,12,2015,Monday,4,14 December of 2015
798,2015-12-15,15,12,2015,Tuesday,4,15 December of 2015
799,2015-12-16,16,12,2015,Wednesday,4,16 December of 2015
800,2015-12-17,17,12,2015,Thursday,4,17 December of 2015
801,2015-12-18,18,12,2015,Friday,4,18 December of 2015
802,2015-12-19,19,12,2015,Saturday,4,19 December of 2015
803,2015-12-20,20,12,2015,Sunday,4,20 December of 2015
804,2015-12-21,21,12,2015,Monday,4,21 December of 2015
805,2015-12-22,22,12,2015,Tuesday,4,22 December of 2015
806,2015-12-23,23,12,2015,Wednesday,4,23 December of 2015
807,2015-12-24,24,12,2015,Thursday,4,24 December of 2015
808,2015-12-25,25,12,2015,Friday,4,25 December of 2015
809,2015-12-26,26,12,2015,Saturday,4,26 December of 2015
810,2015-12-27,27,12,2015,Sunday,4,27 December of 2015
811,2015-12-28,28,12,2015,Monday,4,28 December of 2015
812,2015-12-29,29,12,2015,Tuesday,4,29 December of 2015
813,2015-12-30,30,12,2015,Wednesday,4,30 December of 2015
814,2015-12-31,31,12,2015,Thursday,4,31 December of 2015
815,2016-01-01,1,1,2016,Friday,1,01 January of 2016
816,2016-01-02,2,1,2016,Saturday,1,02 January of 2016
817,2016-01-03,3,1,2016,Sunday,1,03 January of 2016
818,2016-01-04,4,1,2016,Monday,1,04 January of 2016
819,2016-01-05,5,1,2016,Tuesday,1,05 January of 2016
820,2016-01-06,6,1,2016,Wednesday,1,06 January of 2016
821,2016-01-07,7,1,2016,Thursday,1,07 January of 2016
822,2016-01-08,8,1,2016,Friday,1,08 January of 2016
823,2016-01-09,9,1,2016,Saturday,1,09 January of 2016
824,2016-01-10,10,1,2016,Sunday,1,10 January of 2016
825,2016-01-11,11,1,2016,Monday,1,11 January of 2016
826,2016-01-12,12,1,2016,Tuesday,1,12 January of 2016
827,2016-01-13,13,1,2016,Wednesday,1,13 January of 2016
828,2016-01-14,14,1,2016,Thursday,1,14 January of 2016
829,2016-01-15,15,1,2016,Friday,1,15 January of 2016
830,2016-01-16,16,1,2016,Saturday,1,16 January of 2016
831,2016-01-17,17,1,2016,Sunday,1,17 January of 2016
832,2016-01-18,18,1,2016,Monday,1,18 January of 2016
833,2016-01-19,19,1,2016,Tuesday,1,19 January of 2016
834,2016-01-20,20,1,2016,Wednesday,1,20 January of 2016
835,2016-01-21,21,1,2016,Thursday,1,21 January of 2016
836,2016-01-22,22,1,2016,Friday,1,22 January of 2016
837,2016-01-23,23,1,2016,Saturday,1,23 January of 2016
838,2016-01-24,24,1,2016,Sunday,1,24 January of 2016
839,2016-01-25,25,1,2016,Monday,1,25 January of 2016
840,2016-01-26,26,1,2016,Tuesday,1,26 January of 2016
841,2016-01-27,27,1,2016,Wednesday,1,27 January of 2016
842,2016-01-28,28,1,2016,Thursday,1,28 January of 2016
843,2016-01-29,29,1,2016,Friday,1,29 January of 2016
844,2016-01-30,30,1,2016,Saturday,1,30 January of 2016
845,2016-01-31,31,1,2016,Sunday,1,31 January of 2016
846,2016-02-01,1,2,2016,Monday,1,01 February of 2016
847,2016-02-02,2,2,2016,Tuesday,1,02 February of 2016
848,2016-02-03,3,2,2016,Wednesday,1,03 February of 2016
849,2016-02-04,4,2,2016,Thursday,1,04 February of 2016
850,2016-02-05,5,2,2016,Friday,1,05 February of 2016
851,2016-02-06,6,2,2016,Saturday,1,06 February of 2016
852,2016-02-07,7,2,2016,Sunday,1,07 February of 2016
853,2016-02-08,8,2,2016,Monday,1,08 February of 2016
854,2016-02-09,9,2,2016,Tuesday,1,09 February of 2016
855,2016-02-10,10,2,2016,Wednesday,1,10 February of 2016
856,2016-02-11,11,2,2016,Thursday,1,11 February of 2016
857,2016-02-12,12,2,2016,Friday,1,12 February of 2016
858,2016-02-13,13,2,2016,Saturday,1,13 February of 2016
859,2016-02-14,14,2,2016,Sunday,1,14 February of 2016
860,2016-02-15,15,2,2016,Monday,1,15 February of 2016
861,2016-02-16,16,2,2016,Tuesday,1,16 February of 2016
862,2016-02-17,17,2,2016,Wednesday,1,17 February of 2016
863,2016-02-18,18,2,2016,Thursday,1,18 February of 2016
864,2016-02-19,19,2,2016,Friday,1,19 February of 2016
865,2016-02-20,20,2,2016,Saturday,1,20 February of 2016
866,2016-02-21,21,2,2016,Sunday,1,21 February of 2016
867,2016-02-22,22,2,2016,Monday,1,22 February of 2016
868,2016-02-23,23,2,2016,Tuesday,1,23 February of 2016
869,2016-02-24,24,2,2016,Wednesday,1,24 February of 2016
870,2016-02-25,25,2,2016,Thursday,1,25 February of 2016
871,2016-02-26,26,2,2016,Friday,1,26 February of 2016
872,2016-02-27,27,2,2016,Saturday,1,27 February of 2016
873,2016-02-28,28,2,2016,Sunday,1,28 February of 2016
874,2016-02-29,29,2,2016,Monday,1,29 February of 2016
875,2016-03-01,1,3,2016,Tuesday,1,01 March of 2016
876,2016-03-02,2,3,2016,Wednesday,1,02 March of 2016
877,2016-03-03,3,3,2016,Thursday,1,03 March of 2016
878,2016-03-04,4,3,2016,Friday,1,04 March of 2016
879,2016-03-05,5,3,2016,Saturday,1,05 March of 2016
880,2016-03-06,6,3,2016,Sunday,1,06 March of 2016
881,2016-03-07,7,3,2016,Monday,1,07 March of 2016
882,2016-03-08,8,3,2016,Tuesday,1,08 March of 2016
883,2016-03-09,9,3,2016,Wednesday,1,09 March of 2016
884,2016-03-10,10,3,2016,Thursday,1,10 March of 2016
885,2016-03-11,11,3,2016,Friday,1,11 March of 2016
886,2016-03-12,12,3,2016,Saturday,1,12 March of 2016
887,2016-03-13,13,3,2016,Sunday,1,13 March of 2016
888,2016-03-14,14,3,2016,Monday,1,14 March of 2016
889,2016-03-15,15,3,2016,Tuesday,1,15 March of 2016
890,2016-03-16,16,3,2016,Wednesday,1,16 March of 2016
891,2016-03-17,17,3,2016,Thursday,1,17 March of 2016
892,2016-03-18,18,3,2016,Friday,1,18 March of 2016
893,2016-03-19,19,3,2016,Saturday,1,19 March of 2016
894,2016-03-20,20,3,2016,Sunday,1,20 March of 2016
895,2016-03-21,21,3,2016,Monday,1,21 March of 2016
896,2016-03-22,22,3,2016,Tuesday,1,22 March of 2016
897,2016-03-23,23,3,2016,Wednesday,1,23 March of 2016
898,2016-03-24,24,3,2016,Thursday,1,24 March of 2016
899,2016-03-25,25,3,2016,Friday,1,25 March of 2016
900,2016-03-26,26,3,2016,Saturday,1,26 March of 2016
901,2016-03-27,27,3,2016,Sunday,1,27 March of 2016
902,2016-03-28,28,3,2016,Monday,1,28 March of 2016
903,2016-03-29,29,3,2016,Tuesday,1,29 March of 2016
904,2016-03-30,30,3,2016,Wednesday,1,30 March of 2016
905,2016-03-31,31,3,2016,Thursday,1,31 March of 2016
906,2016-04-01,1,4,2016,Friday,2,01 April of 2016
907,2016-04-02,2,4,2016,Saturday,2,02 April of 2016
908,2016-04-03,3,4,2016,Sunday,2,03 April of 2016
909,2016-04-04,4,4,2016,Monday,2,04 April of 2016
910,2016-04-05,5,4,2016,Tuesday,2,05 April of 2016
911,2016-04-06,6,4,2016,Wednesday,2,06 April of 2016
912,2016-04-07,7,4,2016,Thursday,2,07 April of 2016
913,2016-04-08,8,4,2016,Friday,2,08 April of 2016
914,2016-04-09,9,4,2016,Saturday,2,09 April of 2016
915,2016-04-10,10,4,2016,Sunday,2,10 April of 2016
916,2016-04-11,11,4,2016,Monday,2,11 April of 2016
917,2016-04-12,12,4,2016,Tuesday,2,12 April of 2016
918,2016-04-13,13,4,2016,Wednesday,2,13 April of 2016
919,2016-04-14,14,4,2016,Thursday,2,14 April of 2016
920,2016-04-15,15,4,2016,Friday,2,15 April of 2016
921,2016-04-16,16,4,2016,Saturday,2,16 April of 2016
922,2016-04-17,17,4,2016,Sunday,2,17 April of 2016
923,2016-04-18,18,4,2016,Monday,2,18 April of 2016
924,2016-04-19,19,4,2016,Tuesday,2,19 April of 2016
925,2016-04-20,20,4,2016,Wednesday,2,20 April of 2016
926,2016-04-21,21,4,2016,Thursday,2,21 April of 2016
927,2016-04-22,22,4,2016,Friday,2,22 April of 2016
928,2016-04-23,23,4,2016,Saturday,2,23 April of 2016
929,2016-04-24,24,4,2016,Sunday,2,24 April of 2016
930,2016-04-25,25,4,2016,Monday,2,25 April of 2016
931,2016-04-26,26,4,2016,Tuesday,2,26 April of 2016
932,2016-04-27,27,4,2016,Wednesday,2,27 April of 2016
933,2016-04-28,28,4,2016,Thursday,2,28 April of 2016
934,2016-04-29,29,4,2016,Friday,2,29 April of 2016
935,2016-04-30,30,4,2016,Saturday,2,30 April of 2016
936,2016-05-01,1,5,2016,Sunday,2,01 May of 2016
937,2016-05-02,2,5,2016,Monday,2,02 May of 2016
938,2016-05-03,3,5,2016,Tuesday,2,03 May of 2016
939,2016-05-04,4,5,2016,Wednesday,2,04 May of 2016
940,2016-05-05,5,5,2016,Thursday,2,05 May of 2016
941,2016-05-06,6,5,2016,Friday,2,06 May of 2016
942,2016-05-07,7,5,2016,Saturday,2,07 May of 2016
943,2016-05-08,8,5,2016,Sunday,2,08 May of 2016
944,2016-05-09,9,5,2016,Monday,2,09 May of 2016
945,2016-05-10,10,5,2016,Tuesday,2,10 May of 2016
946,2016-05-11,11,5,2016,Wednesday,2,11 May of 2016
947,2016-05-12,12,5,2016,Thursday,2,12 May of 2016
948,2016-05-13,13,5,2016,Friday,2,13 May of 2016
949,2016-05-14,14,5,2016,Saturday,2,14 May of 2016
950,2016-05-15,15,5,2016,Sunday,2,15 May of 2016
951,2016-05-16,16,5,2016,Monday,2,16 May of 2016
952,2016-05-17,17,5,2016,Tuesday,2,17 May of 2016
953,2016-05-18,18,5,2016,Wednesday,2,18 May of 2016
954,2016-05-19,19,5,2016,Thursday,2,19 May of 2016
955,2016-05-20,20,5,2016,Friday,2,20 May of 2016
956,2016-05-21,21,5,2016,Saturday,2,21 May of 2016
957,2016-05-22,22,5,2016,Sunday,2,22 May of 2016
958,2016-05-23,23,5,2016,Monday,2,23 May of 2016
959,2016-05-24,24,5,2016,Tuesday,2,24 May of 2016
960,2016-05-25,25,5,2016,Wednesday,2,25 May of 2016
961,2016-05-26,26,5,2016,Thursday,2,26 May of 2016
962,2016-05-27,27,5,2016,Friday,2,27 May of 2016
963,2016-05-28,28,5,2016,Saturday,2,28 May of 2016
964,2016-05-29,29,5,2016,Sunday,2,29 May of 2016
965,2016-05-30,30,5,2016,Monday,2,30 May of 2016
966,2016-05-31,31,5,2016,Tuesday,2,31 May of 2016
967,2016-06-01,1,6,2016,Wednesday,2,01 June of 2016
968,2016-06-02,2,6,2016,Thursday,2,02 June of 2016
969,2016-06-03,3,6,2016,Friday,2,03 June of 2016
970,2016-06-04,4,6,2016,Saturday,2,04 June of 2016
971,2016-06-05,5,6,2016,Sunday,2,05 June of 2016
972,2016-06-06,6,6,2016,Monday,2,06 June of 2016
973,2016-06-07,7,6,2016,Tuesday,2,07 June of 2016
974,2016-06-08,8,6,2016,Wednesday,2,08 June of 2016
975,2016-06-09,9,6,2016,Thursday,2,09 June of 2016
976,2016-06-10,10,6,2016,Friday,2,10 June of 2016
977,2016-06-11,11,6,2016,Saturday,2,11 June of 2016
978,2016-06-12,12,6,2016,Sunday,2,12 June of 2016
979,2016-06-13,13,6,2016,Monday,2,13 June of 2016
980,2016-06-14,14,6,2016,Tuesday,2,14 June of 2016
981,2016-06-15,15,6,2016,Wednesday,2,15 June of 2016
982,2016-06-16,16,6,2016,Thursday,2,16 June of 2016
983,2016-06-18,18,6,2016,Saturday,2,18 June of 2016
984,2016-06-19,19,6,2016,Sunday,2,19 June of 2016
985,2016-06-20,20,6,2016,Monday,2,20 June of 2016
986,2016-06-21,21,6,2016,Tuesday,2,21 June of 2016
987,2016-06-22,22,6,2016,Wednesday,2,22 June of 2016
988,2016-06-23,23,6,2016,Thursday,2,23 June of 2016
989,2016-06-24,24,6,2016,Friday,2,24 June of 2016
990,2016-06-25,25,6,2016,Saturday,2,25 June of 2016
991,2016-06-26,26,6,2016,Sunday,2,26 June of 2016
992,2016-06-27,27,6,2016,Monday,2,27 June of 2016
993,2016-06-28,28,6,2016,Tuesday,2,28 June of 2016
994,2016-06-29,29,6,2016,Wednesday,2,29 June of 2016
995,2016-06-30,30,6,2016,Thursday,2,30 June of 2016
996,2016-07-01,1,7,2016,Friday,3,01 July of 2016
997,2016-07-02,2,7,2016,Saturday,3,02 July of 2016
998,2016-07-03,3,7,2016,Sunday,3,03 July of 2016
999,2016-07-04,4,7,2016,Monday,3,04 July of 2016
1000,2016-07-05,5,7,2016,Tuesday,3,05 July of 2016
1001,2016-07-06,6,7,2016,Wednesday,3,06 July of 2016
1002,2016-07-07,7,7,2016,Thursday,3,07 July of 2016
1003,2016-07-08,8,7,2016,Friday,3,08 July of 2016
1004,2016-07-09,9,7,2016,Saturday,3,09 July of 2016
1005,2016-07-10,10,7,2016,Sunday,3,10 July of 2016
1006,2016-07-11,11,7,2016,Monday,3,11 July of 2016
1007,2016-07-12,12,7,2016,Tuesday,3,12 July of 2016
1008,2016-07-13,13,7,2016,Wednesday,3,13 July of 2016
1009,2016-07-14,14,7,2016,Thursday,3,14 July of 2016
1010,2016-07-15,15,7,2016,Friday,3,15 July of 2016
1011,2016-07-16,16,7,2016,Saturday,3,16 July of 2016
1012,2016-07-17,17,7,2016,Sunday,3,17 July of 2016
1013,2016-07-18,18,7,2016,Monday,3,18 July of 2016
1014,2016-07-19,19,7,2016,Tuesday,3,19 July of 2016
1015,2016-07-20,20,7,2016,Wednesday,3,20 July of 2016
1016,2016-07-21,21,7,2016,Thursday,3,21 July of 2016
1017,2016-07-22,22,7,2016,Friday,3,22 July of 2016
1018,2016-07-23,23,7,2016,Saturday,3,23 July of 2016
1019,2016-07-24,24,7,2016,Sunday,3,24 July of 2016
1020,2016-07-25,25,7,2016,Monday,3,25 July of 2016
1021,2016-07-26,26,7,2016,Tuesday,3,26 July of 2016
1022,2016-07-27,27,7,2016,Wednesday,3,27 July of 2016
1023,2016-07-28,28,7,2016,Thursday,3,28 July of 2016
1024,2016-07-29,29,7,2016,Friday,3,29 July of 2016
1025,2016-07-30,30,7,2016,Saturday,3,30 July of 2016
1026,2016-07-31,31,7,2016,Sunday,3,31 July of 2016
1027,2016-08-01,1,8,2016,Monday,3,01 August of 2016
1028,2016-08-02,2,8,2016,Tuesday,3,02 August of 2016
1029,2016-08-03,3,8,2016,Wednesday,3,03 August of 2016
1030,2016-08-04,4,8,2016,Thursday,3,04 August of 2016
1031,2016-08-05,5,8,2016,Friday,3,05 August of 2016
1032,2016-08-06,6,8,2016,Saturday,3,06 August of 2016
1033,2016-08-07,7,8,2016,Sunday,3,07 August of 2016
1034,2016-08-08,8,8,2016,Monday,3,08 August of 2016
1035,2016-08-09,9,8,2016,Tuesday,3,09 August of 2016
1036,2016-08-10,10,8,2016,Wednesday,3,10 August of 2016
1037,2016-08-11,11,8,2016,Thursday,3,11 August of 2016
1038,2016-08-12,12,8,2016,Friday,3,12 August of 2016
1039,2016-08-13,13,8,2016,Saturday,3,13 August of 2016
1040,2016-08-14,14,8,2016,Sunday,3,14 August of 2016
1041,2016-08-15,15,8,2016,Monday,3,15 August of 2016
1042,2016-08-16,16,8,2016,Tuesday,3,16 August of 2016
1043,2016-08-17,17,8,2016,Wednesday,3,17 August of 2016
1044,2016-08-18,18,8,2016,Thursday,3,18 August of 2016
1045,2016-08-19,19,8,2016,Friday,3,19 August of 2016
1046,2016-08-20,20,8,2016,Saturday,3,20 August of 2016
1047,2016-08-21,21,8,2016,Sunday,3,21 August of 2016
1048,2016-08-22,22,8,2016,Monday,3,22 August of 2016
1049,2016-08-23,23,8,2016,Tuesday,3,23 August of 2016
1050,2016-08-24,24,8,2016,Wednesday,3,24 August of 2016
1051,2016-08-25,25,8,2016,Thursday,3,25 August of 2016
1052,2016-08-26,26,8,2016,Friday,3,26 August of 2016
1053,2016-08-27,27,8,2016,Saturday,3,27 August of 2016
1054,2016-08-28,28,8,2016,Sunday,3,28 August of 2016
1055,2016-08-29,29,8,2016,Monday,3,29 August of 2016
1056,2016-08-30,30,8,2016,Tuesday,3,30 August of 2016
1057,2016-08-31,31,8,2016,Wednesday,3,31 August of 2016
1058,2016-09-01,1,9,2016,Thursday,3,01 September of 2016
1059,2016-09-02,2,9,2016,Friday,3,02 September of 2016
1060,2016-09-03,3,9,2016,Saturday,3,03 September of 2016
1061,2016-09-04,4,9,2016,Sunday,3,04 September of 2016
1062,2016-09-05,5,9,2016,Monday,3,05 September of 2016
1063,2016-09-06,6,9,2016,Tuesday,3,06 September of 2016
1064,2016-09-07,7,9,2016,Wednesday,3,07 September of 2016
1065,2016-09-08,8,9,2016,Thursday,3,08 September of 2016
1066,2016-09-09,9,9,2016,Friday,3,09 September of 2016
1067,2016-09-10,10,9,2016,Saturday,3,10 September of 2016
1068,2016-09-11,11,9,2016,Sunday,3,11 September of 2016
1069,2016-09-12,12,9,2016,Monday,3,12 September of 2016
1070,2016-09-13,13,9,2016,Tuesday,3,13 September of 2016
1071,2016-09-14,14,9,2016,Wednesday,3,14 September of 2016
1072,2016-09-15,15,9,2016,Thursday,3,15 September of 2016
1073,2016-09-16,16,9,2016,Friday,3,16 September of 2016
1074,2016-09-17,17,9,2016,Saturday,3,17 September of 2016
1075,2016-09-18,18,9,2016,Sunday,3,18 September of 2016
1076,2016-09-19,19,9,2016,Monday,3,19 September of 2016
1077,2016-09-20,20,9,2016,Tuesday,3,20 September of 2016
1078,2016-09-21,21,9,2016,Wednesday,3,21 September of 2016
1079,2016-09-22,22,9,2016,Thursday,3,22 September of 2016
1080,2016-09-23,23,9,2016,Friday,3,23 September of 2016
1081,2016-09-24,24,9,2016,Saturday,3,24 September of 2016
1082,2016-09-25,25,9,2016,Sunday,3,25 September of 2016
1083,2016-09-26,26,9,2016,Monday,3,26 September of 2016
1084,2016-09-27,27,9,2016,Tuesday,3,27 September of 2016
1085,2016-09-28,28,9,2016,Wednesday,3,28 September of 2016
1086,2016-09-29,29,9,2016,Thursday,3,29 September of 2016
1087,2016-09-30,30,9,2016,Friday,3,30 September of 2016
1088,2016-10-01,1,10,2016,Saturday,4,01 October of 2016
1089,2016-10-02,2,10,2016,Sunday,4,02 October of 2016
1090,2016-10-03,3,10,2016,Monday,4,03 October of 2016
1091,2016-10-04,4,10,2016,Tuesday,4,04 October of 2016
1092,2016-10-05,5,10,2016,Wednesday,4,05 October of 2016
1093,2016-10-06,6,10,2016,Thursday,4,06 October of 2016
1094,2016-10-07,7,10,2016,Friday,4,07 October of 2016
1095,2016-10-08,8,10,2016,Saturday,4,08 October of 2016
1096,2016-10-09,9,10,2016,Sunday,4,09 October of 2016
1097,2016-10-10,10,10,2016,Monday,4,10 October of 2016
1098,2016-10-11,11,10,2016,Tuesday,4,11 October of 2016
1099,2016-10-12,12,10,2016,Wednesday,4,12 October of 2016
1100,2016-10-13,13,10,2016,Thursday,4,13 October of 2016
1101,2016-10-14,14,10,2016,Friday,4,14 October of 2016
1102,2016-10-15,15,10,2016,Saturday,4,15 October of 2016
1103,2016-10-16,16,10,2016,Sunday,4,16 October of 2016
1104,2016-10-17,17,10,2016,Monday,4,17 October of 2016
1105,2016-10-18,18,10,2016,Tuesday,4,18 October of 2016
1106,2016-10-19,19,10,2016,Wednesday,4,19 October of 2016
1107,2016-10-20,20,10,2016,Thursday,4,20 October of 2016
1108,2016-10-21,21,10,2016,Friday,4,21 October of 2016
1109,2016-10-22,22,10,2016,Saturday,4,22 October of 2016
1110,2016-10-23,23,10,2016,Sunday,4,23 October of 2016
1111,2016-10-24,24,10,2016,Monday,4,24 October of 2016
1112,2016-10-25,25,10,2016,Tuesday,4,25 October of 2016
1113,2016-10-26,26,10,2016,Wednesday,4,26 October of 2016
1114,2016-10-27,27,10,2016,Thursday,4,27 October of 2016
1115,2016-10-28,28,10,2016,Friday,4,28 October of 2016
1116,2016-10-29,29,10,2016,Saturday,4,29 October of 2016
1117,2016-10-30,30,10,2016,Sunday,4,30 October of 2016
1118,2016-10-31,31,10,2016,Monday,4,31 October of 2016
1119,2016-11-01,1,11,2016,Tuesday,4,01 November of 2016
1120,2016-11-02,2,11,2016,Wednesday,4,02 November of 2016
1121,2016-11-03,3,11,2016,Thursday,4,03 November of 2016
1122,2016-11-04,4,11,2016,Friday,4,04 November of 2016
1123,2016-11-05,5,11,2016,Saturday,4,05 November of 2016
1124,2016-11-06,6,11,2016,Sunday,4,06 November of 2016
1125,2016-11-07,7,11,2016,Monday,4,07 November of 2016
1126,2016-11-08,8,11,2016,Tuesday,4,08 November of 2016
1127,2016-11-09,9,11,2016,Wednesday,4,09 November of 2016
1128,2016-11-10,10,11,2016,Thursday,4,10 November of 2016
1129,2016-11-11,11,11,2016,Friday,4,11 November of 2016
1130,2016-11-12,12,11,2016,Saturday,4,12 November of 2016
1131,2016-11-13,13,11,2016,Sunday,4,13 November of 2016
1132,2016-11-14,14,11,2016,Monday,4,14 November of 2016
1133,2016-11-15,15,11,2016,Tuesday,4,15 November of 2016
1134,2016-11-16,16,11,2016,Wednesday,4,16 November of 2016
1135,2016-11-17,17,11,2016,Thursday,4,17 November of 2016
1136,2016-11-18,18,11,2016,Friday,4,18 November of 2016
1137,2016-11-19,19,11,2016,Saturday,4,19 November of 2016
1138,2016-11-20,20,11,2016,Sunday,4,20 November of 2016
1139,2016-11-21,21,11,2016,Monday,4,21 November of 2016
1140,2016-11-22,22,11,2016,Tuesday,4,22 November of 2016
1141,2016-11-23,23,11,2016,Wednesday,4,23 November of 2016
1142,2016-11-24,24,11,2016,Thursday,4,24 November of 2016
1143,2016-11-25,25,11,2016,Friday,4,25 November of 2016
1144,2016-11-26,26,11,2016,Saturday,4,26 November of 2016
1145,2016-11-27,27,11,2016,Sunday,4,27 November of 2016
1146,2016-11-28,28,11,2016,Monday,4,28 November of 2016
1147,2016-11-29,29,11,2016,Tuesday,4,29 November of 2016
1148,2016-11-30,30,11,2016,Wednesday,4,30 November of 2016
1149,2016-12-01,1,12,2016,Thursday,4,01 December of 2016
1150,2016-12-02,2,12,2016,Friday,4,02 December of 2016
1151,2016-12-03,3,12,2016,Saturday,4,03 December of 2016
1152,2016-12-04,4,12,2016,Sunday,4,04 December of 2016
1153,2016-12-05,5,12,2016,Monday,4,05 December of 2016
1154,2016-12-06,6,12,2016,Tuesday,4,06 December of 2016
1155,2016-12-07,7,12,2016,Wednesday,4,07 December of 2016
1156,2016-12-08,8,12,2016,Thursday,4,08 December of 2016
1157,2016-12-09,9,12,2016,Friday,4,09 December of 2016
1158,2016-12-10,10,12,2016,Saturday,4,10 December of 2016
1159,2016-12-11,11,12,2016,Sunday,4,11 December of 2016
1160,2016-12-12,12,12,2016,Monday,4,12 December of 2016
1161,2016-12-13,13,12,2016,Tuesday,4,13 December of 2016
1162,2016-12-14,14,12,2016,Wednesday,4,14 December of 2016
1163,2016-12-15,15,12,2016,Thursday,4,15 December of 2016
1164,2016-12-16,16,12,2016,Friday,4,16 December of 2016
1165,2016-12-17,17,12,2016,Saturday,4,17 December of 2016
1166,2016-12-18,18,12,2016,Sunday,4,18 December of 2016
1167,2016-12-19,19,12,2016,Monday,4,19 December of 2016
1168,2016-12-20,20,12,2016,Tuesday,4,20 December of 2016
1169,2016-12-21,21,12,2016,Wednesday,4,21 December of 2016
1170,2016-12-22,22,12,2016,Thursday,4,22 December of 2016
1171,2016-12-23,23,12,2016,Friday,4,23 December of 2016
1172,2016-12-24,24,12,2016,Saturday,4,24 December of 2016
1173,2016-12-25,25,12,2016,Sunday,4,25 December of 2016
1174,2016-12-26,26,12,2016,Monday,4,26 December of 2016
1175,2016-12-27,27,12,2016,Tuesday,4,27 December of 2016
1176,2016-12-28,28,12,2016,Wednesday,4,28 December of 2016
1177,2016-12-29,29,12,2016,Thursday,4,29 December of 2016
1178,2016-12-30,30,12,2016,Friday,4,30 December of 2016
1179,2016-12-31,31,12,2016,Saturday,4,31 December of 2016
1180,2017-01-01,1,1,2017,Sunday,1,01 January of 2017
1181,2017-01-02,2,1,2017,Monday,1,02 January of 2017
1182,2017-01-03,3,1,2017,Tuesday,1,03 January of 2017
1183,2017-01-04,4,1,2017,Wednesday,1,04 January of 2017
1184,2017-01-05,5,1,2017,Thursday,1,05 January of 2017
1185,2017-01-06,6,1,2017,Friday,1,06 January of 2017
1186,2017-01-07,7,1,2017,Saturday,1,07 January of 2017
1187,2017-01-08,8,1,2017,Sunday,1,08 January of 2017
1188,2017-01-09,9,1,2017,Monday,1,09 January of 2017
1189,2017-01-10,10,1,2017,Tuesday,1,10 January of 2017
1190,2017-01-11,11,1,2017,Wednesday,1,11 January of 2017
1191,2017-01-12,12,1,2017,Thursday,1,12 January of 2017
1192,2017-01-13,13,1,2017,Friday,1,13 January of 2017
1193,2017-01-14,14,1,2017,Saturday,1,14 January of 2017
1194,2017-01-15,15,1,2017,Sunday,1,15 January of 2017
1195,2017-01-16,16,1,2017,Monday,1,16 January of 2017
1196,2017-01-17,17,1,2017,Tuesday,1,17 January of 2017
1197,2017-01-18,18,1,2017,Wednesday,1,18 January of 2017
1198,2017-01-19,19,1,2017,Thursday,1,19 January of 2017
1199,2017-01-20,20,1,2017,Friday,1,20 January of 2017
1200,2017-01-21,21,1,2017,Saturday,1,21 January of 2017
1201,2017-01-22,22,1,2017,Sunday,1,22 January of 2017
1202,2017-01-23,23,1,2017,Monday,1,23 January of 2017
1203,2017-01-25,25,1,2017,Wednesday,1,25 January of 2017
1204,2017-01-26,26,1,2017,Thursday,1,26 January of 2017
1205,2017-01-27,27,1,2017,Friday,1,27 January of 2017
1206,2017-01-28,28,1,2017,Saturday,1,28 January of 2017
1207,2017-01-29,29,1,2017,Sunday,1,29 January of 2017
1208,2017-01-30,30,1,2017,Monday,1,30 January of 2017
1209,2017-01-31,31,1,2017,Tuesday,1,31 January of 2017
1210,2017-02-01,1,2,2017,Wednesday,1,01 February of 2017
1211,2017-02-02,2,2,2017,Thursday,1,02 February of 2017
1212,2017-02-03,3,2,2017,Friday,1,03 February of 2017
1213,2017-02-04,4,2,2017,Saturday,1,04 February of 2017
1214,2017-02-05,5,2,2017,Sunday,1,05 February of 2017
1215,2017-02-06,6,2,2017,Monday,1,06 February of 2017
1216,2017-02-07,7,2,2017,Tuesday,1,07 February of 2017
1217,2017-02-08,8,2,2017,Wednesday,1,08 February of 2017
1218,2017-02-09,9,2,2017,Thursday,1,09 February of 2017
1219,2017-02-10,10,2,2017,Friday,1,10 February of 2017
1220,2017-02-11,11,2,2017,Saturday,1,11 February of 2017
1221,2017-02-12,12,2,2017,Sunday,1,12 February of 2017
1222,2017-02-13,13,2,2017,Monday,1,13 February of 2017
1223,2017-02-14,14,2,2017,Tuesday,1,14 February of 2017
1224,2017-02-15,15,2,2017,Wednesday,1,15 February of 2017
1225,2017-02-16,16,2,2017,Thursday,1,16 February of 2017
1226,2017-02-17,17,2,2017,Friday,1,17 February of 2017
1227,2017-02-18,18,2,2017,Saturday,1,18 February of 2017
1228,2017-02-19,19,2,2017,Sunday,1,19 February of 2017
1229,2017-02-20,20,2,2017,Monday,1,20 February of 2017
1230,2017-02-21,21,2,2017,Tuesday,1,21 February of 2017
1231,2017-02-22,22,2,2017,Wednesday,1,22 February of 2017
1232,2017-02-23,23,2,2017,Thursday,1,23 February of 2017
1233,2017-02-24,24,2,2017,Friday,1,24 February of 2017
1234,2017-02-25,25,2,2017,Saturday,1,25 February of 2017
1235,2017-02-26,26,2,2017,Sunday,1,26 February of 2017
1236,2017-02-27,27,2,2017,Monday,1,27 February of 2017
1237,2017-02-28,28,2,2017,Tuesday,1,28 February of 2017
1238,2017-03-01,1,3,2017,Wednesday,1,01 March of 2017
1239,2017-03-02,2,3,2017,Thursday,1,02 March of 2017
1240,2017-03-03,3,3,2017,Friday,1,03 March of 2017
1241,2017-03-04,4,3,2017,Saturday,1,04 March of 2017
1242,2017-03-05,5,3,2017,Sunday,1,05 March of 2017
1243,2017-03-06,6,3,2017,Monday,1,06 March of 2017
1244,2017-03-07,7,3,2017,Tuesday,1,07 March of 2017
1245,2017-03-08,8,3,2017,Wednesday,1,08 March of 2017
1246,2017-03-09,9,3,2017,Thursday,1,09 March of 2017
1247,2017-03-10,10,3,2017,Friday,1,10 March of 2017
1248,2017-03-11,11,3,2017,Saturday,1,11 March of 2017
1249,2017-03-12,12,3,2017,Sunday,1,12 March of 2017
1250,2017-03-13,13,3,2017,Monday,1,13 March of 2017
1251,2017-03-14,14,3,2017,Tuesday,1,14 March of 2017
1252,2017-03-15,15,3,2017,Wednesday,1,15 March of 2017
1253,2017-03-16,16,3,2017,Thursday,1,16 March of 2017
1254,2017-03-17,17,3,2017,Friday,1,17 March of 2017
1255,2017-03-18,18,3,2017,Saturday,1,18 March of 2017
1256,2017-03-19,19,3,2017,Sunday,1,19 March of 2017
1257,2017-03-20,20,3,2017,Monday,1,20 March of 2017
1258,2017-03-21,21,3,2017,Tuesday,1,21 March of 2017
1259,2017-03-22,22,3,2017,Wednesday,1,22 March of 2017
1260,2017-03-23,23,3,2017,Thursday,1,23 March of 2017
1261,2017-03-24,24,3,2017,Friday,1,24 March of 2017
1262,2017-03-25,25,3,2017,Saturday,1,25 March of 2017
1263,2017-03-26,26,3,2017,Sunday,1,26 March of 2017
1264,2017-03-27,27,3,2017,Monday,1,27 March of 2017
1265,2017-03-28,28,3,2017,Tuesday,1,28 March of 2017
1266,2017-03-29,29,3,2017,Wednesday,1,29 March of 2017
1267,2017-03-30,30,3,2017,Thursday,1,30 March of 2017
1268,2017-03-31,31,3,2017,Friday,1,31 March of 2017
1269,2017-04-01,1,4,2017,Saturday,2,01 April of 2017
1270,2017-04-02,2,4,2017,Sunday,2,02 April of 2017
1271,2017-04-03,3,4,2017,Monday,2,03 April of 2017
1272,2017-04-04,4,4,2017,Tuesday,2,04 April of 2017
1273,2017-04-05,5,4,2017,Wednesday,2,05 April of 2017
1274,2017-04-06,6,4,2017,Thursday,2,06 April of 2017
1275,2017-04-07,7,4,2017,Friday,2,07 April of 2017
1276,2017-04-08,8,4,2017,Saturday,2,08 April of 2017
1277,2017-04-09,9,4,2017,Sunday,2,09 April of 2017
1278,2017-04-10,10,4,2017,Monday,2,10 April of 2017
1279,2017-04-11,11,4,2017,Tuesday,2,11 April of 2017
1280,2017-04-12,12,4,2017,Wednesday,2,12 April of 2017
1281,2017-04-13,13,4,2017,Thursday,2,13 April of 2017
1282,2017-04-14,14,4,2017,Friday,2,14 April of 2017
1283,2017-04-15,15,4,2017,Saturday,2,15 April of 2017
1284,2017-04-16,16,4,2017,Sunday,2,16 April of 2017
1285,2017-04-17,17,4,2017,Monday,2,17 April of 2017
1286,2017-04-18,18,4,2017,Tuesday,2,18 April of 2017
1287,2017-04-19,19,4,2017,Wednesday,2,19 April of 2017
1288,2017-04-20,20,4,2017,Thursday,2,20 April of 2017
1289,2017-04-21,21,4,2017,Friday,2,21 April of 2017
1290,2017-04-22,22,4,2017,Saturday,2,22 April of 2017
1291,2017-04-23,23,4,2017,Sunday,2,23 April of 2017
1292,2017-04-24,24,4,2017,Monday,2,24 April of 2017
1293,2017-04-25,25,4,2017,Tuesday,2,25 April of 2017
1294,2017-04-26,26,4,2017,Wednesday,2,26 April of 2017
1295,2017-04-27,27,4,2017,Thursday,2,27 April of 2017
1296,2017-04-28,28,4,2017,Friday,2,28 April of 2017
1297,2017-04-29,29,4,2017,Saturday,2,29 April of 2017
1298,2017-04-30,30,4,2017,Sunday,2,30 April of 2017
1299,2017-05-01,1,5,2017,Monday,2,01 May of 2017
1300,2017-05-02,2,5,2017,Tuesday,2,02 May of 2017
1301,2017-05-03,3,5,2017,Wednesday,2,03 May of 2017
1302,2017-05-04,4,5,2017,Thursday,2,04 May of 2017
1303,2017-05-05,5,5,2017,Friday,2,05 May of 2017
1304,2017-05-06,6,5,2017,Saturday,2,06 May of 2017
1305,2017-05-07,7,5,2017,Sunday,2,07 May of 2017
1306,2017-05-08,8,5,2017,Monday,2,08 May of 2017
1307,2017-05-09,9,5,2017,Tuesday,2,09 May of 2017
1308,2017-05-10,10,5,2017,Wednesday,2,10 May of 2017
1309,2017-05-11,11,5,2017,Thursday,2,11 May of 2017
1310,2017-05-12,12,5,2017,Friday,2,12 May of 2017
1311,2017-05-13,13,5,2017,Saturday,2,13 May of 2017
1312,2017-05-14,14,5,2017,Sunday,2,14 May of 2017
1313,2017-05-15,15,5,2017,Monday,2,15 May of 2017
1314,2017-05-16,16,5,2017,Tuesday,2,16 May of 2017
1315,2017-05-17,17,5,2017,Wednesday,2,17 May of 2017
1316,2017-05-18,18,5,2017,Thursday,2,18 May of 2017
1317,2017-05-19,19,5,2017,Friday,2,19 May of 2017
1318,2017-05-20,20,5,2017,Saturday,2,20 May of 2017
1319,2017-05-21,21,5,2017,Sunday,2,21 May of 2017
1320,2017-05-22,22,5,2017,Monday,2,22 May of 2017
1321,2017-05-23,23,5,2017,Tuesday,2,23 May of 2017
1322,2017-05-24,24,5,2017,Wednesday,2,24 May of 2017
1323,2017-05-25,25,5,2017,Thursday,2,25 May of 2017
1324,2017-05-26,26,5,2017,Friday,2,26 May of 2017
1325,2017-05-27,27,5,2017,Saturday,2,27 May of 2017
1326,2017-05-28,28,5,2017,Sunday,2,28 May of 2017
1327,2017-05-29,29,5,2017,Monday,2,29 May of 2017
1328,2017-05-30,30,5,2017,Tuesday,2,30 May of 2017
1329,2017-05-31,31,5,2017,Wednesday,2,31 May of 2017
1330,2017-06-01,1,6,2017,Thursday,2,01 June of 2017
1331,2017-06-02,2,6,2017,Friday,2,02 June of 2017
1332,2017-06-03,3,6,2017,Saturday,2,03 June of 2017
1333,2017-06-04,4,6,2017,Sunday,2,04 June of 2017
1334,2017-06-05,5,6,2017,Monday,2,05 June of 2017
1335,2017-06-06,6,6,2017,Tuesday,2,06 June of 2017
1336,2017-06-07,7,6,2017,Wednesday,2,07 June of 2017
1337,2017-06-08,8,6,2017,Thursday,2,08 June of 2017
1338,2017-06-09,9,6,2017,Friday,2,09 June of 2017
1339,2017-06-10,10,6,2017,Saturday,2,10 June of 2017
1340,2017-06-11,11,6,2017,Sunday,2,11 June of 2017
1341,2017-06-12,12,6,2017,Monday,2,12 June of 2017
1342,2017-06-13,13,6,2017,Tuesday,2,13 June of 2017
1343,2017-06-14,14,6,2017,Wednesday,2,14 June of 2017
1344,2017-06-15,15,6,2017,Thursday,2,15 June of 2017
1345,2017-06-16,16,6,2017,Friday,2,16 June of 2017
1346,2017-06-17,17,6,2017,Saturday,2,17 June of 2017
1347,2017-06-18,18,6,2017,Sunday,2,18 June of 2017
1348,2017-06-19,19,6,2017,Monday,2,19 June of 2017
1349,2017-06-20,20,6,2017,Tuesday,2,20 June of 2017
1350,2017-06-21,21,6,2017,Wednesday,2,21 June of 2017
1351,2017-06-22,22,6,2017,Thursday,2,22 June of 2017
1352,2017-06-23,23,6,2017,Friday,2,23 June of 2017
1353,2017-06-24,24,6,2017,Saturday,2,24 June of 2017
1354,2017-06-25,25,6,2017,Sunday,2,25 June of 2017
1355,2017-06-26,26,6,2017,Monday,2,26 June of 2017
1356,2017-06-27,27,6,2017,Tuesday,2,27 June of 2017
1357,2017-06-28,28,6,2017,Wednesday,2,28 June of 2017
1358,2017-06-29,29,6,2017,Thursday,2,29 June of 2017
1359,2017-06-30,30,6,2017,Friday,2,30 June of 2017
1360,2017-07-01,1,7,2017,Saturday,3,01 July of 2017
1361,2017-07-02,2,7,2017,Sunday,3,02 July of 2017
1362,2017-07-03,3,7,2017,Monday,3,03 July of 2017
1363,2017-07-04,4,7,2017,Tuesday,3,04 July of 2017
1364,2017-07-05,5,7,2017,Wednesday,3,05 July of 2017
1365,2017-07-06,6,7,2017,Thursday,3,06 July of 2017
1366,2017-07-07,7,7,2017,Friday,3,07 July of 2017
1367,2017-07-08,8,7,2017,Saturday,3,08 July of 2017
1368,2017-07-09,9,7,2017,Sunday,3,09 July of 2017
1369,2017-07-10,10,7,2017,Monday,3,10 July of 2017
1370,2017-07-11,11,7,2017,Tuesday,3,11 July of 2017
1371,2017-07-12,12,7,2017,Wednesday,3,12 July of 2017
1372,2017-07-13,13,7,2017,Thursday,3,13 July of 2017
1373,2017-07-14,14,7,2017,Friday,3,14 July of 2017
1374,2017-07-15,15,7,2017,Saturday,3,15 July of 2017
1375,2017-07-16,16,7,2017,Sunday,3,16 July of 2017
1376,2017-07-17,17,7,2017,Monday,3,17 July of 2017
1377,2017-07-18,18,7,2017,Tuesday,3,18 July of 2017
1378,2017-07-19,19,7,2017,Wednesday,3,19 July of 2017
1379,2017-07-20,20,7,2017,Thursday,3,20 July of 2017
1380,2017-07-21,21,7,2017,Friday,3,21 July of 2017
1381,2017-07-22,22,7,2017,Saturday,3,22 July of 2017
1382,2017-07-23,23,7,2017,Sunday,3,23 July of 2017
1383,2017-07-24,24,7,2017,Monday,3,24 July of 2017
1384,2017-07-25,25,7,2017,Tuesday,3,25 July of 2017
1385,2017-07-26,26,7,2017,Wednesday,3,26 July of 2017
1386,2017-07-27,27,7,2017,Thursday,3,27 July of 2017
1387,2017-07-28,28,7,2017,Friday,3,28 July of 2017
1388,2017-07-29,29,7,2017,Saturday,3,29 July of 2017
1389,2017-07-30,30,7,2017,Sunday,3,30 July of 2017
1390,2017-07-31,31,7,2017,Monday,3,31 July of 2017
1391,2017-08-01,1,8,2017,Tuesday,3,01 August of 2017
1392,2017-08-02,2,8,2017,Wednesday,3,02 August of 2017
1393,2017-08-03,3,8,2017,Thursday,3,03 August of 2017
1394,2017-08-04,4,8,2017,Friday,3,04 August of 2017
1395,2017-08-05,5,8,2017,Saturday,3,05 August of 2017
1396,2017-08-06,6,8,2017,Sunday,3,06 August of 2017
1397,2017-08-07,7,8,2017,Monday,3,07 August of 2017
1398,2017-08-08,8,8,2017,Tuesday,3,08 August of 2017
1399,2017-08-09,9,8,2017,Wednesday,3,09 August of 2017
1400,2017-08-10,10,8,2017,Thursday,3,10 August of 2017
1401,2017-08-11,11,8,2017,Friday,3,11 August of 2017
1402,2017-08-12,12,8,2017,Saturday,3,12 August of 2017
1403,2017-08-13,13,8,2017,Sunday,3,13 August of 2017
1404,2017-08-14,14,8,2017,Monday,3,14 August of 2017
1405,2017-08-15,15,8,2017,Tuesday,3,15 August of 2017
1406,2017-08-16,16,8,2017,Wednesday,3,16 August of 2017
1407,2017-08-17,17,8,2017,Thursday,3,17 August of 2017
1408,2017-08-18,18,8,2017,Friday,3,18 August of 2017
1409,2017-08-19,19,8,2017,Saturday,3,19 August of 2017
1410,2017-08-20,20,8,2017,Sunday,3,20 August of 2017
1411,2017-08-21,21,8,2017,Monday,3,21 August of 2017
1412,2017-08-22,22,8,2017,Tuesday,3,22 August of 2017
1413,2017-08-23,23,8,2017,Wednesday,3,23 August of 2017
1414,2017-08-24,24,8,2017,Thursday,3,24 August of 2017
1415,2017-08-25,25,8,2017,Friday,3,25 August of 2017
1416,2017-08-26,26,8,2017,Saturday,3,26 August of 2017
1417,2017-08-27,27,8,2017,Sunday,3,27 August of 2017
1418,2017-08-28,28,8,2017,Monday,3,28 August of 2017
1419,2017-08-29,29,8,2017,Tuesday,3,29 August of 2017
1420,2017-08-30,30,8,2017,Wednesday,3,30 August of 2017
1421,2017-08-31,31,8,2017,Thursday,3,31 August of 2017
1422,2017-09-01,1,9,2017,Friday,3,01 September of 2017
1423,2017-09-02,2,9,2017,Saturday,3,02 September of 2017
1424,2017-09-03,3,9,2017,Sunday,3,03 September of 2017
1425,2017-09-04,4,9,2017,Monday,3,04 September of 2017
1426,2017-09-05,5,9,2017,Tuesday,3,05 September of 2017
1427,2017-09-06,6,9,2017,Wednesday,3,06 September of 2017
1428,2017-09-07,7,9,2017,Thursday,3,07 September of 2017
1429,2017-09-08,8,9,2017,Friday,3,08 September of 2017
1430,2017-09-09,9,9,2017,Saturday,3,09 September of 2017
1431,2017-09-10,10,9,2017,Sunday,3,10 September of 2017
1432,2017-09-11,11,9,2017,Monday,3,11 September of 2017
1433,2017-09-12,12,9,2017,Tuesday,3,12 September of 2017
1434,2017-09-13,13,9,2017,Wednesday,3,13 September of 2017
1435,2017-09-14,14,9,2017,Thursday,3,14 September of 2017
1436,2017-09-15,15,9,2017,Friday,3,15 September of 2017
1437,2017-09-16,16,9,2017,Saturday,3,16 September of 2017
1438,2017-09-17,17,9,2017,Sunday,3,17 September of 2017
1439,2017-09-18,18,9,2017,Monday,3,18 September of 2017
1440,2017-09-19,19,9,2017,Tuesday,3,19 September of 2017
1441,2017-09-20,20,9,2017,Wednesday,3,20 September of 2017
1442,2017-09-21,21,9,2017,Thursday,3,21 September of 2017
1443,2017-09-22,22,9,2017,Friday,3,22 September of 2017
1444,2017-09-23,23,9,2017,Saturday,3,23 September of 2017
1445,2017-09-24,24,9,2017,Sunday,3,24 September of 2017
1446,2017-09-25,25,9,2017,Monday,3,25 September of 2017
1447,2017-09-26,26,9,2017,Tuesday,3,26 September of 2017
1448,2017-09-27,27,9,2017,Wednesday,3,27 September of 2017
1449,2017-09-28,28,9,2017,Thursday,3,28 September of 2017
1450,2017-09-29,29,9,2017,Friday,3,29 September of 2017
1451,2017-09-30,30,9,2017,Saturday,3,30 September of 2017
1452,2017-10-01,1,10,2017,Sunday,4,01 October of 2017
1453,2017-10-02,2,10,2017,Monday,4,02 October of 2017
1454,2017-10-03,3,10,2017,Tuesday,4,03 October of 2017
1455,2017-10-04,4,10,2017,Wednesday,4,04 October of 2017
1456,2017-10-05,5,10,2017,Thursday,4,05 October of 2017
1457,2017-10-06,6,10,2017,Friday,4,06 October of 2017
1458,2017-10-07,7,10,2017,Saturday,4,07 October of 2017
1459,2017-10-08,8,10,2017,Sunday,4,08 October of 2017
1460,2017-10-09,9,10,2017,Monday,4,09 October of 2017
1461,2017-10-10,10,10,2017,Tuesday,4,10 October of 2017
1462,2017-10-11,11,10,2017,Wednesday,4,11 October of 2017
1463,2017-10-12,12,10,2017,Thursday,4,12 October of 2017
1464,2017-10-13,13,10,2017,Friday,4,13 October of 2017
1465,2017-10-14,14,10,2017,Saturday,4,14 October of 2017
1466,2017-10-15,15,10,2017,Sunday,4,15 October of 2017
1467,2017-10-16,16,10,2017,Monday,4,16 October of 2017
1468,2017-10-17,17,10,2017,Tuesday,4,17 October of 2017
1469,2017-10-18,18,10,2017,Wednesday,4,18 October of 2017
1470,2017-10-19,19,10,2017,Thursday,4,19 October of 2017
1471,2017-10-20,20,10,2017,Friday,4,20 October of 2017
1472,2017-10-21,21,10,2017,Saturday,4,21 October of 2017
1473,2017-10-22,22,10,2017,Sunday,4,22 October of 2017
1474,2017-10-23,23,10,2017,Monday,4,23 October of 2017
1475,2017-10-24,24,10,2017,Tuesday,4,24 October of 2017
1476,2017-10-25,25,10,2017,Wednesday,4,25 October of 2017
1477,2017-10-26,26,10,2017,Thursday,4,26 October of 2017
1478,2017-10-27,27,10,2017,Friday,4,27 October of 2017
1479,2017-10-28,28,10,2017,Saturday,4,28 October of 2017
1480,2017-10-29,29,10,2017,Sunday,4,29 October of 2017
1481,2017-10-30,30,10,2017,Monday,4,30 October of 2017
1482,2017-10-31,31,10,2017,Tuesday,4,31 October of 2017
1483,2017-11-01,1,11,2017,Wednesday,4,01 November of 2017
1484,2017-11-02,2,11,2017,Thursday,4,02 November of 2017
1485,2017-11-03,3,11,2017,Friday,4,03 November of 2017
1486,2017-11-04,4,11,2017,Saturday,4,04 November of 2017
1487,2017-11-05,5,11,2017,Sunday,4,05 November of 2017
1488,2017-11-06,6,11,2017,Monday,4,06 November of 2017
1489,2017-11-07,7,11,2017,Tuesday,4,07 November of 2017
1490,2017-11-08,8,11,2017,Wednesday,4,08 November of 2017
1491,2017-11-09,9,11,2017,Thursday,4,09 November of 2017
1492,2017-11-10,10,11,2017,Friday,4,10 November of 2017
1493,2017-11-11,11,11,2017,Saturday,4,11 November of 2017
1494,2017-11-12,12,11,2017,Sunday,4,12 November of 2017
1495,2017-11-13,13,11,2017,Monday,4,13 November of 2017
1496,2017-11-14,14,11,2017,Tuesday,4,14 November of 2017
1497,2017-11-15,15,11,2017,Wednesday,4,15 November of 2017
1498,2017-11-16,16,11,2017,Thursday,4,16 November of 2017
1499,2017-11-17,17,11,2017,Friday,4,17 November of 2017
1500,2017-11-18,18,11,2017,Saturday,4,18 November of 2017
1501,2017-11-19,19,11,2017,Sunday,4,19 November of 2017
1502,2017-11-20,20,11,2017,Monday,4,20 November of 2017
1503,2017-11-21,21,11,2017,Tuesday,4,21 November of 2017
1504,2017-11-22,22,11,2017,Wednesday,4,22 November of 2017
1505,2017-11-23,23,11,2017,Thursday,4,23 November of 2017
1506,2017-11-24,24,11,2017,Friday,4,24 November of 2017
1507,2017-11-25,25,11,2017,Saturday,4,25 November of 2017
1508,2017-11-26,26,11,2017,Sunday,4,26 November of 2017
1509,2017-11-27,27,11,2017,Monday,4,27 November of 2017
1510,2017-11-28,28,11,2017,Tuesday,4,28 November of 2017
1511,2017-11-29,29,11,2017,Wednesday,4,29 November of 2017
1512,2017-11-30,30,11,2017,Thursday,4,30 November of 2017
1513,2017-12-01,1,12,2017,Friday,4,01 December of 2017
1514,2017-12-02,2,12,2017,Saturday,4,02 December of 2017
1515,2017-12-03,3,12,2017,Sunday,4,03 December of 2017
1516,2017-12-04,4,12,2017,Monday,4,04 December of 2017
1517,2017-12-05,5,12,2017,Tuesday,4,05 December of 2017
1518,2017-12-06,6,12,2017,Wednesday,4,06 December of 2017
1519,2017-12-07,7,12,2017,Thursday,4,07 December of 2017
1520,2017-12-08,8,12,2017,Friday,4,08 December of 2017
1521,2017-12-09,9,12,2017,Saturday,4,09 December of 2017
1522,2017-12-10,10,12,2017,Sunday,4,10 December of 2017
1523,2017-12-11,11,12,2017,Monday,4,11 December of 2017
1524,2017-12-12,12,12,2017,Tuesday,4,12 December of 2017
1525,2017-12-13,13,12,2017,Wednesday,4,13 December of 2017
1526,2017-12-14,14,12,2017,Thursday,4,14 December of 2017
1527,2017-12-15,15,12,2017,Friday,4,15 December of 2017
1528,2017-12-16,16,12,2017,Saturday,4,16 December of 2017
1529,2017-12-17,17,12,2017,Sunday,4,17 December of 2017
1530,2017-12-18,18,12,2017,Monday,4,18 December of 2017
1531,2017-12-19,19,12,2017,Tuesday,4,19 December of 2017
1532,2017-12-20,20,12,2017,Wednesday,4,20 December of 2017
1533,2017-12-21,21,12,2017,Thursday,4,21 December of 2017
1534,2017-12-22,22,12,2017,Friday,4,22 December of 2017
1535,2017-12-23,23,12,2017,Saturday,4,23 December of 2017
1536,2017-12-24,24,12,2017,Sunday,4,24 December of 2017
1537,2017-12-25,25,12,2017,Monday,4,25 December of 2017
1538,2017-12-26,26,12,2017,Tuesday,4,26 December of 2017
1539,2017-12-27,27,12,2017,Wednesday,4,27 December of 2017
1540,2017-12-28,28,12,2017,Thursday,4,28 December of 2017
1541,2017-12-29,29,12,2017,Friday,4,29 December of 2017
1542,2017-12-30,30,12,2017,Saturday,4,30 December of 2017
1543,2017-12-31,31,12,2017,Sunday,4,31 December of 2017
1544,2018-01-01,1,1,2018,Monday,1,01 January of 2018
1545,2018-01-02,2,1,2018,Tuesday,1,02 January of 2018
1546,2018-01-03,3,1,2018,Wednesday,1,03 January of 2018
1547,2018-01-04,4,1,2018,Thursday,1,04 January of 2018
1548,2018-01-05,5,1,2018,Friday,1,05 January of 2018
1549,2018-01-06,6,1,2018,Saturday,1,06 January of 2018
1550,2018-01-07,7,1,2018,Sunday,1,07 January of 2018
1551,2018-01-08,8,1,2018,Monday,1,08 January of 2018
1552,2018-01-09,9,1,2018,Tuesday,1,09 January of 2018
1553,2018-01-10,10,1,2018,Wednesday,1,10 January of 2018
1554,2018-01-11,11,1,2018,Thursday,1,11 January of 2018
1555,2018-01-12,12,1,2018,Friday,1,12 January of 2018
1556,2018-01-13,13,1,2018,Saturday,1,13 January of 2018
1557,2018-01-14,14,1,2018,Sunday,1,14 January of 2018
1558,2018-01-15,15,1,2018,Monday,1,15 January of 2018
1559,2018-01-16,16,1,2018,Tuesday,1,16 January of 2018
1560,2018-01-17,17,1,2018,Wednesday,1,17 January of 2018
1561,2018-01-18,18,1,2018,Thursday,1,18 January of 2018
1562,2018-01-19,19,1,2018,Friday,1,19 January of 2018
1563,2018-01-20,20,1,2018,Saturday,1,20 January of 2018
1564,2018-01-21,21,1,2018,Sunday,1,21 January of 2018
1565,2018-01-22,22,1,2018,Monday,1,22 January of 2018
1566,2018-01-23,23,1,2018,Tuesday,1,23 January of 2018
1567,2018-01-24,24,1,2018,Wednesday,1,24 January of 2018
1568,2018-01-25,25,1,2018,Thursday,1,25 January of 2018
1569,2018-01-26,26,1,2018,Friday,1,26 January of 2018
1570,2018-01-27,27,1,2018,Saturday,1,27 January of 2018
1571,2018-01-28,28,1,2018,Sunday,1,28 January of 2018
1572,2018-01-29,29,1,2018,Monday,1,29 January of 2018
1573,2018-01-30,30,1,2018,Tuesday,1,30 January of 2018
1574,2018-01-31,31,1,2018,Wednesday,1,31 January of 2018
1575,2018-02-01,1,2,2018,Thursday,1,01 February of 2018
1576,2018-02-02,2,2,2018,Friday,1,02 February of 2018
1577,2018-02-03,3,2,2018,Saturday,1,03 February of 2018
1578,2018-02-04,4,2,2018,Sunday,1,04 February of 2018
1579,2018-02-05,5,2,2018,Monday,1,05 February of 2018
1580,2018-02-06,6,2,2018,Tuesday,1,06 February of 2018
1581,2018-02-07,7,2,2018,Wednesday,1,07 February of 2018
1582,2018-02-08,8,2,2018,Thursday,1,08 February of 2018
1583,2018-02-09,9,2,2018,Friday,1,09 February of 2018
1584,2018-02-10,10,2,2018,Saturday,1,10 February of 2018
1585,2018-02-11,11,2,2018,Sunday,1,11 February of 2018
1586,2018-02-12,12,2,2018,Monday,1,12 February of 2018
1587,2018-02-13,13,2,2018,Tuesday,1,13 February of 2018
1588,2018-02-14,14,2,2018,Wednesday,1,14 February of 2018
1589,2018-02-15,15,2,2018,Thursday,1,15 February of 2018
1590,2018-02-16,16,2,2018,Friday,1,16 February of 2018
1591,2018-02-17,17,2,2018,Saturday,1,17 February of 2018
1592,2018-02-18,18,2,2018,Sunday,1,18 February of 2018
1593,2018-02-19,19,2,2018,Monday,1,19 February of 2018
1594,2018-02-20,20,2,2018,Tuesday,1,20 February of 2018
1595,2018-02-21,21,2,2018,Wednesday,1,21 February of 2018
1596,2018-02-22,22,2,2018,Thursday,1,22 February of 2018
1597,2018-02-23,23,2,2018,Friday,1,23 February of 2018
1598,2018-02-24,24,2,2018,Saturday,1,24 February of 2018
1599,2018-02-25,25,2,2018,Sunday,1,25 February of 2018
1600,2018-02-26,26,2,2018,Monday,1,26 February of 2018
1601,2018-02-27,27,2,2018,Tuesday,1,27 February of 2018
1602,2018-02-28,28,2,2018,Wednesday,1,28 February of 2018
1603,2018-03-01,1,3,2018,Thursday,1,01 March of 2018
1604,2018-03-02,2,3,2018,Friday,1,02 March of 2018
1605,2018-03-03,3,3,2018,Saturday,1,03 March of 2018
1606,2018-03-04,4,3,2018,Sunday,1,04 March of 2018
1607,2018-03-05,5,3,2018,Monday,1,05 March of 2018
1608,2018-03-06,6,3,2018,Tuesday,1,06 March of 2018
1609,2018-03-07,7,3,2018,Wednesday,1,07 March of 2018
1610,2018-03-08,8,3,2018,Thursday,1,08 March of 2018
1611,2018-03-09,9,3,2018,Friday,1,09 March of 2018
1612,2018-03-10,10,3,2018,Saturday,1,10 March of 2018
1613,2018-03-11,11,3,2018,Sunday,1,11 March of 2018
1614,2018-03-12,12,3,2018,Monday,1,12 March of 2018
1615,2018-03-13,13,3,2018,Tuesday,1,13 March of 2018
1616,2018-03-14,14,3,2018,Wednesday,1,14 March of 2018
1617,2018-03-15,15,3,2018,Thursday,1,15 March of 2018
1618,2018-03-16,16,3,2018,Friday,1,16 March of 2018
1619,2018-03-17,17,3,2018,Saturday,1,17 March of 2018
1620,2018-03-18,18,3,2018,Sunday,1,18 March of 2018
1621,2018-03-19,19,3,2018,Monday,1,19 March of 2018
1622,2018-03-20,20,3,2018,Tuesday,1,20 March of 2018
1623,2018-03-21,21,3,2018,Wednesday,1,21 March of 2018
1624,2018-03-22,22,3,2018,Thursday,1,22 March of 2018
1625,2018-03-23,23,3,2018,Friday,1,23 March of 2018
1626,2018-03-24,24,3,2018,Saturday,1,24 March of 2018
1627,2018-03-25,25,3,2018,Sunday,1,25 March of 2018
1628,2018-03-26,26,3,2018,Monday,1,26 March of 2018
1629,2018-03-27,27,3,2018,Tuesday,1,27 March of 2018
1630,2018-03-28,28,3,2018,Wednesday,1,28 March of 2018
1631,2018-03-29,29,3,2018,Thursday,1,29 March of 2018
1632,2018-03-30,30,3,2018,Friday,1,30 March of 2018
1633,2018-03-31,31,3,2018,Saturday,1,31 March of 2018
